EWMSTATUS_corrRelFrq,max_depth,size_acres,avg_ph,avg_secchi,avg_conductance,avg_phosphorus,avg_chlorophylla,a440.cdom,allstreams_density_mperha,roaddensity_density_mperha,MIROC5.avg.ann.gdd
0,7.9248,377.7636297,7.171111111,1.848180386,140.74,0.089083333,14.05714286,5.3052915,4.347,42.4542,1643.525852
0,3.3528,240.0631852,7.525,0.980410213,114.5166667,0.048166667,22.4,10.93342255,4.1736,48.7221,1730.953432
0,4,341.4781003,7.577777778,1.137386667,96.41111111,0.0295,33.9,7.15489585,5.2905,40.8316,1724.987423
0,35.3568,434.7211863,7.44462963,3.404597262,151.0563636,0.0164,6.802857143,3.94386225,6.5027,56.2443,1588.261749
0,1.524,271.5376403,7.82,1.179166667,48.06,0.0235,9.72,8.592259,1.9078,5.2952,1572.011521
0,14.3256,597.6574358,7.57625,3.044336877,181.9666667,0.051916667,10.83111111,1.4442527,2.8005,57.4326,1624.559815
0,11.8872,348.8580759,7.755625,4.703155274,146.1393939,0.070875,5.22,1.8602385,6.1881,65.0345,1595.990032
1,11.2776,149.2618164,7.736666667,2.225896296,212.7368421,0.020666667,7.482,3.82896325,13.1917,37.9678,1737.933376
0,4.572,318.8279002,7.788,1.162965138,127.2,0.069533333,39.66333333,1.8853567,6.3448,52.7282,1765.829683
0,23.7744,638.0269422,7.944444444,3.751983118,256.6,0.013428571,3.2,0.3413578,2.9,33.541,1566.456673
0,15.5448,2005.194062,7.726222222,3.518927292,202.9666667,0.058333333,5.23,0.52636135,1.9199,57.0325,1616.409379
0,4.8768,304.3711034,7.56,1.438072917,151.26,0.041230769,15.28888889,4.3050718,2.9023,25.8874,1626.528601
0,36.8808,736.6553297,7.925,3.542339277,289.3333333,0.0128,3,0.25282675,3.3924,34.3914,1575.2034
1,4.572,551.9256232,8.38043956,1.258507742,414.2843137,0.263583333,85.345,4.331228525,8.4441,45.8752,1955.268781
1,5.4864,473.8586731,8.399528302,1.302719735,349.5027273,0.05486,43.96,0.2765506,7.9983,50.0948,2065.920478
0,2.7432,336.4993232,9.08,0.641458333,272.75,0.106823529,47.78571429,2.6295211,6.7708,46.8239,2100.137994
0,1.521066903,455.5937262,8.989166667,1.061052632,427.4761905,0.05273913,15.71142857,3.60912945,10.3962,40.1448,1958.270915
1,12.4968,572.1010891,8.419230769,1.073605522,237.6969697,0.063119048,24.40833333,1.58634245,4.5993,39.2435,1949.384248
1,7.9248,1481.242512,8.326521739,1.898448566,183.2619048,0.035948718,9.3732,2.32040075,4.7307,51.1229,1807.202509
1,6.4008,154.6295017,8.3672,2.698723268,255.1818182,0.026444444,7.794444444,1.42803295,5.8335,59.2544,1853.790371
1,7.62,114.9304084,8.28969697,2.133528421,442.5166667,0.027117647,6.494444444,1.93258605,7.5268,109.9689,2006.390959
1,9.4488,488.627662,8.142777778,2.622070253,181.40625,0.028055556,8.42,0.47929515,4.4563,54.8945,1757.570993
0,18.8976,471.442435,7.616666667,2.717688706,308.3333333,0.055375,8.666666667,1.2801775,1.6519,45.2689,1502.757209
0,32.9184,385.1008088,8.06,6.357539233,310.2,0.01,1.3025,0.16765825,1.3069,33.6959,1484.527284
0,1.8288,592.4486898,9.075,1.963181818,177,0.017,4.5,0.47370865,7.0198,17.5234,1379.396431
0,4.572,3147.320536,8.851666667,1.844375758,266.625,0.027833333,11.52,0.2495966,5.753,19.2802,1544.82499
0,5.1816,482.1227555,8.885,2.350267857,283.625,0.025111111,5.666666667,0.24427995,0.6414,16.2281,1581.581707
0,4.8768,606.516333,8.74125,1.9365,275.5,0.019,4,0.2527361,2.8525,14.822,1440.393609
0,4.8768,1442.309619,8.85625,1.96991541,270.7,0.0365,15.25285714,0.7450625,3.8567,8.6022,1440.393609
0,5,1789.754953,8.766,3.08037037,205.2,0.01975,7.5,0.34921595,5.6165,8.8543,1386.418513
0,2,280.112591,9.463846154,1.281180556,195.1444444,0.049777778,17.69,0.6463158,3.742,38.9217,1551.352368
0,4.572,333.9968305,9.349333333,1.492901235,335.1166667,0.054333333,11.472,0.63697255,1.9625,26.6348,1648.329428
0,3,202.1444966,7.56,1.930789474,380,0.033,11,0.56853875,0,11.9674,1558.44597
0,12.192,1230.437715,7.995,2.95439931,313.2,0.029285714,14.6075,2.01213015,3.4957,10.0108,1608.508133
0,18.288,680.3549987,7.434285714,2.81881,380.8,0.014,1.815,3.9915441,3.4457,18.6014,1553.559815
0,4,2177.250065,8.714,1.445882353,248.4,0.020333333,10.875,0.92393615,2.733,21.9665,1585.123931
0,4.8768,1310.661097,8.967857143,0.786390981,298.60222220000003,0.274317073,125.6741935,1.8282579,7.9252,38.7275,1909.019539
0,2,4461.876601,8.415,0.251869091,894.2857143,0.176666667,99.9,2.221322625,9.5616,8.3964,1979.655148
0,3.9624,1970.759868,8.786129032,0.93522869,842.8896552,0.245454545,32.16,0.412164325,2.0007,35.815,1945.077641
1,17.3736,1447.150508,8.020420561,1.493440485,352.5143541,0.338,88.33076923,2.52860805,1.9649,73.1354,2073.051925
0,8.2296,88.2444019,8.084,0.868495238,302.4666667,0.11675,90.21428571,2.5421874,2.8956,72.1988,2066.392656
1,7.3152,290.4194253,8.518333333,0.934728671,341.4045455,0.125,50.54363636,1.19379,0.9266,60.1345,2117.025699
1,16.764,370.7580457,7.96421875,1.2991152,357.7347826,0.0475,26.26,0.34361365,2.8898,65.8484,2003.390328
1,2.4384,1358.595921,8.932162162,1.350859353,387.972093,0.149518519,49.49870968,0.5526432,0.2834,20.2353,2079.53799
0,3.048,379.3829286,9.354444444,0.627437583,365.7,0.75925,106.3526471,1.10635795,8.7728,89.2303,2225.709542
0,7,1794.96648,8.394210526,0.786817528,526.5789474,0.136833333,33.97333333,2.3392359,3.8728,25.8975,2083.99579
0,6.096,240.8197753,8.595,1.580006386,452.125,0.091444444,53.35,3.3117961,7.0694,64.6742,2012.109762
0,5.1816,279.2399355,7.304615385,1.354806914,94.975,0.0365,12,9.97475955,13.5746,83.4691,1600.448097
1,14.6304,296.2114311,7.830779221,2.220684103,554.7828326,0.16676087,24.14478776,1.84228715,6.1277,92.216,2055.532092
1,8.5344,245.0978504,7.895973154,1.534992195,486.4026846,0.178396825,35.64884,0.83670865,4.8566,126.0616,2057.245834
1,6.4008,87.53353386,7.602941176,1.438565401,519.7271028,0.240274194,27.35489333,2.8265228,0.5267,58.2076,2098.096183
0,15.8,19.54589627,7.324,2.675242718,501.6,0.021578947,5.139186364,3.28430795,0,80.7679,2069.184466
1,12.4968,115.7390345,7.757166667,2.898924675,446.9431894,0.201142857,9.170714286,2.08447675,4.3232,25.6257,2046.680025
1,4.8768,88.3373631,8.121505376,1.457567917,643.5967033,0.186375,45.40274359,1.11130335,9.2388,110.723,2083.090231
1,14.9352,106.3680505,7.606666667,1.780411765,504.7508532,0.284438596,19.9404,2.65170455,4.2585,67.7221,2002.965962
1,19.812,166.4574833,8.123797468,2.168862253,380.7371795,0.058854839,13.75478571,1.9442584,1.6007,69.6609,1977.400785
1,5.1816,257.9194113,8.253715596,1.067381643,339.7155963,0.11686747,91.5826087,1.3686746,10.3351,18.1459,1996.234073
1,2,146.4453423,7.841076923,1.208,395.4482759,0.09208,75.76222222,2.882043225,6.0997,2.9742,1959.234429
1,25.6032,144.1238524,7.617698962,2.742178218,347.6835131,0.079427273,13.42805556,2.42654545,2.5552,31.4563,1961.689691
1,10.0584,146.4322824,7.785925926,1.603873874,379.8510638,0.0945,39.54285714,1.80211615,5.4925,47.9126,2045.889812
1,10.9728,165.8790433,7.888275862,2.200882353,437.2391045,0.050107273,16.48115385,0.3570394,6.7368,64.3282,1989.278496
0,16.4,16.00631177,7.554516129,2.126315789,528.4242424,0.104,25.63777778,3.3964706,4.9422,113.8553,1988.604353
1,10,19.6904205,7.602702703,1.989560976,282.8809524,0.0344,17,1.1161607,9.1113,68.87,2031.420089
1,12.192,169.6789399,7.698355091,1.275933409,379.4490862,0.2924375,56.8037037,3.64364715,6.0802,45.0392,1970.683065
0,4.5,43.93748095,8.105789474,2.295625,234.0555556,0.032166667,4.8,1.1786881,5.969,9.5855,2013.478383
0,11.2,40.44622861,7.674090909,1.374666667,405.5853659,0.065333333,47.66363636,2.60992975,11.736,17.1741,2033.913506
1,10.3632,92.42099343,7.7275,1.690663725,453.1283333,0.212857143,39.67753182,2.76214385,7.5817,35.0387,1967.486111
1,12.192,266.9114766,8.104895833,2.575627976,346.5559322,0.054163636,9.777419355,0.1683753,2.5649,29.2657,1952.646948
1,8.7,100.4979211,7.537765957,2.66085913,368.5821596,0.043926087,13.56352941,2.4036449,0,22.3999,1990.019519
0,1.0058,130.6853592,9.57,0.665,268,0.260818182,380,0.3796044,4.7527,19.2809,2002.229736
1,7.0104,96.70111027,8.509857143,1.625412903,390.4981818,0.051857143,23.06673793,1.408579,8.0069,77.0026,2047.198989
1,5.1816,222.192071,8.608552632,1.483132222,438.6112903,0.176150943,55.73013889,3.79256965,5.0221,38.0517,2096.95621
0,3.048,302.1603194,8.749302326,0.55542623,387.1,0.143522727,95.065425,1.9550274,2.8111,24.1577,2128.747949
1,3.11,432.8268061,8.205862069,0.656095041,288.3384615,0.3366,100.6106857,2.89691975,0,24.8976,2029.152283
1,4.2672,183.2224942,8.9215,1.13098961,437.9211538,0.27523913,71.81404762,0.65765915,4.2857,25.3988,2141.8782
1,6.7056,17.51242984,8.547391304,0.502546584,475.7869565,0.171863636,73.14087097,3.45,2.7754,83.5571,2140.823165
1,5.4864,20.18245251,8.3603125,0.952101064,554.338,0.138151515,54.65286486,3.766,16.1876,134.1676,2115.695389
0,21.336,224.907113,7.499354839,2.843508772,227.8928571,0.022076923,4.688571429,5.84624685,4.0423,67.3282,1707.088023
1,31.6992,1590.200343,7.510245902,3.907021424,152.5104603,0.013442623,4.580746269,2.601324716,1.5173,42.9057,1665.328917
0,24.384,1346.878974,8.28,4.968007242,258.96,0.012074074,3.832068966,1.18305545,1.9396,42.584,1578.388517
0,1,2030.035448,7.67,0.812307692,234.6666667,0.022333333,1.47,3.023242,5.4097,9.2622,1618.265627
0,1.486765259,1255.473516,8.044,1.079230769,146.5,0.0205,5.09,4.8480802,3.6571,18.4184,1546.184737
0,21.336,56471.62721,8.314090909,3.323991379,285.15,0.022453571,6.811818182,1.4508052,1.3534,15.8709,1595.906444
0,21.336,1451.676578,7.818630137,3.191018981,264.1041667,0.019454545,7.912,1.40800175,3.3022,43.1139,1586.331404
1,25.2984,428.1789173,8.117391304,4.401081928,244.676087,0.015307692,4,0.7793561,1.2519,58.7442,1596.608763
1,2.689966612,697.6716765,8.738333333,2.322061538,80.66666667,0.015333333,2.99,1.4659792,1.3617,16.4794,1478.914045
0,13.4112,524.577899,7.881960784,4.921193129,156.3981132,0.013545455,4.251666667,0.50905165,1.0362,32.8764,1595.759409
0,16.1544,421.8331236,7.728333333,2.835809855,246.8333333,0.062833333,12.1,3.24955925,4.3943,42.549,1736.304856
0,18.288,388.0466492,8.012553191,6.1159356,146.3913043,0.009,1.58375,0.1229732,0.2501,58.8905,1623.252026
0,31.6992,129.0241773,7.790697674,3.961708696,269.8928571,0.018333333,1.833333333,0.26342805,0.479,37.7577,1675.436644
0,18.288,963.3163448,7.81345679,4.09606313,185.66,0.0113125,3.808,0.4705755,3.5256,59.0637,1638.785871
0,16.2,149.1735079,7.882916667,6.421641015,76.82653061,0.0072,1.571428571,0.50255565,0.8723,51.701,1521.566556
0,3.9624,514.8903014,8.331333333,2.367595902,231.5333333,0.0366,9.78875,2.676222,4.7194,42.6692,1568.217864
0,21.336,1099.175659,7.933972603,4.902465546,207.8953846,0.013615385,3.908823529,0.25469075,4.8692,42.711,1531.309571
0,23.4696,1617.316358,7.908527132,2.966050256,280.9948148,0.022166667,10.212,0.9288943,3.4325,55.6735,1651.961164
0,13.716,1267.197917,8.215428571,4.136665089,208.0078947,0.022210526,3.441176471,0.45006415,2.0926,63.1687,1513.907698
0,16.764,554.5226649,8.705,3.755272727,262.0666667,0.011,2.5,0.0809841,7.6713,17.3265,1498.804191
1,32.004,909.6981972,7.374078431,1.617435219,208.9229323,0.100771429,27.25769231,3.372053575,1.0274,65.8926,1865.732325
1,10.0584,454.6792511,8.022758621,2.58152,198.6071429,0.037714286,27.2755,0.12519675,0.2895,94.29,1896.977444
1,12.192,749.2601929,7.907169811,1.28209097,203.1672727,0.058310345,46.09032258,0.718612,1.5745,74.5191,1898.324399
0,6.7056,168.1990766,7.216923077,1.111678498,127.6666667,0.129076923,2230.836364,4.5060825,7.6971,22.1667,1994.161201
1,14.0208,217.8226056,7.929583333,1.676807066,453.1611111,0.049132075,15.11542609,3.2711243,6.5642,47.079,1901.315413
1,14.6304,318.8215402,8.04,3.227443721,258.5055556,0.058416667,7.72125,2.9310976,1.6096,54.7363,1783.565842
0,15.8496,224.0379654,7.134285714,1.939596066,321.4285714,0.112384615,18.96666667,3.62454795,3.887,40.3455,1845.844012
0,3.6576,248.4787936,9.432222222,3.137236364,407.25,0.026,1.71,0.80474025,2.3436,5.3236,1603.458998
0,29.5656,303.433636,7.7627,3.689214213,304.3548387,0.076380952,3.8025,0.19801315,11.7379,9.2565,1459.256168
0,3.9,1526.721168,8.265,2.004583333,243,0.0214,9.25,2.49837755,1.3251,17.0427,1455.636533
0,4.8,230.0244391,8.320434783,2.209338182,270.3684211,0.031333333,14.18333333,0.9479956,8.5773,34.1384,1518.180994
0,4.2672,1236.176959,8.569090909,2.372493333,347.2857143,0.02325,11.86666667,1.968040625,5.2222,29.3113,1482.524494
0,3.4,378.1036388,6.6225,1.32809,38.43333333,0.02,0.74,2.72834225,7.5164,2.9609,1189.059665
0,3.048,346.1401889,7.564285714,1.787671429,48.88571429,0.019,7.5,4.86631165,3.3441,12.2182,1241.373715
0,1.8,183.70404,7.541428571,1.610909091,54.5,0.0185,2.485,4.58181555,2.8533,30.7575,1220.921522
0,4.572,355.087868,7.246666667,2.315063333,40.63529412,0.010818182,2.888333333,5.44671635,1.4609,16.7741,1274.475538
0,4.572,592.9530482,7.874444444,1.611104,49.9125,0.039,3.36,6.5289991,6.0174,10.785,1316.971631
0,3.048,369.4883404,6.873333333,1.115148571,34.55555556,0.023666667,11.32,7.0320513,3.4318,8.3961,1385.455508
0,2.1336,229.5186814,8.51875,0.866708372,569.5714286,0.088166667,44.6,1.1271233,11.4083,49.6174,2032.178222
0,2.1336,873.0577788,8.68,0.21349869,695.1428571,0.39,183,4.167655967,7.0938,16.0889,2021.881389
0,12.4968,533.592909,7.958139535,2.613760889,252.6486486,0.069666667,10.46666667,3.05263955,2.2433,28.8664,1707.80504
0,25.2984,1011.389538,7.557142857,3.161960811,237.2666667,0.016142857,5.875,2.7103932,5.2853,35.1731,1663.364731
1,21.336,2329.89688,7.646285714,4.390224726,188.7489209,0.031666667,4.845833333,1.00572125,2.6156,58.6131,1600.037824
1,16.1544,905.4897845,7.966923077,3.76381106,221.0692308,0.0435,4.831428571,1.5405213,0.8373,32.691,1660.691441
1,13.4,164.7192286,8.020833333,4.322330435,187.5,0.014307692,3.863636364,1.4900582,7.5204,32.323,1669.600532
1,10.9728,286.8357177,8.0075,3.815045685,197.3333333,0.013846154,5.345454545,2.09639275,5.4173,42.1416,1669.600532
0,6.7056,1663.430075,8.567058824,1.656611888,137.125,0.041571429,20.26341463,2.4620469,3.3801,34.7442,1709.486515
0,18.5928,1116.342946,7.882112676,4.58411866,305.6397059,0.012333333,5.210526316,0.89037375,2.4117,119.9252,1694.621947
1,14.0208,804.3168301,7.94,2.19342385,232.3333333,0.037315789,10.81277778,2.4180993,8.4615,44.2378,1743.304206
0,7.62,378.9354207,8.019615385,1.747847276,231.9565217,0.044866667,28.63090909,0.99670425,5.0558,64.557,1843.351737
0,6.096,259.2317576,7.171666667,1.52,111.5714286,0.039,22.66666667,4.1351604,9.3573,11.7854,1759.592676
0,3.034760884,301.6282485,9.125,0.747272727,62.95,0.061,69.5,7.77510745,3.7569,19.8447,1782.178147
0,19.2024,239.9906157,7.078571429,5.03845314,60.32258065,0.012818182,3.282666667,1.40834805,2.1543,27.4447,1606.853617
1,10.0584,412.6443411,7.2525,1.724035714,110.297619,0.030333333,7.14375,11.65940775,5.8797,25.7684,1746.215339
1,3.6576,720.7280742,7.836190476,1.592363842,126.35625,0.064388889,18.804375,3.4127412,4.0348,49.2235,1756.369343
1,11.5824,599.1974501,7.9656,5.241206504,130.1,0.018,3.456923077,0.2097222,1.4081,42.2696,1634.313873
1,10.668,881.5773583,8.306896552,3.342362483,199.52,0.0318,14.30625,0.6592012,2.2814,31.4841,1727.582587
1,7.9248,732.1999191,8.183333333,2.883679918,227.805,0.0372,25.20714286,1.0413289,2.6625,24.1841,1744.510274
0,9.144,329.8621289,7.674851485,2.830850413,246.5970149,0.040923077,6.581428571,2.50833195,3.2143,30.2771,1635.83758
0,21.336,232.3991348,7.710091743,4.353151648,227.4667213,0.012714286,3.315555556,0.9163865,0,54.4162,1635.83758
0,7.62,258.2746263,7.811973684,2.651096154,251.3023256,0.029238095,9.092941176,2.4194628,1.3553,54.5322,1635.83758
0,10.668,354.3814073,7.615185185,2.610228571,180.56,0.021,8.14,1.97340805,6.9018,8.4939,1766.543917
0,41.4528,7714.192816,7.857103757,3.298685712,226.7295858,0.027,5.051333333,1.3047676,0,30.7926,1635.83758
0,24.384,1815.002496,7.793491379,4.013248,220.744,0.014875,3.677,1.8193612,0.8053,63.5738,1635.83758
0,36.576,1366.292583,8.0091133,4.341953271,221.5320755,0.009705882,3.84,0.0106061,1.367,47.6807,1635.83758
0,16.764,195.7818182,7.8098125,3.917602469,221.7569767,0.0185625,3.159473684,0.73649875,0,32.2135,1635.83758
0,21.336,336.8669256,7.827983871,3.668894382,218.1702128,0.0144375,3.038823529,0.9151513,0,37.9752,1635.83758
0,12.192,211.0631319,7.916831776,4.320764835,201.3333333,0.015,4.386470588,1.44389135,0,40.1336,1635.83758
1,23.1648,189.7788028,7.407177419,4.896706667,195.3181818,0.0120625,2.704375,0.11220915,1.4905,42.9196,1676.568132
0,15.24,1650.114575,8.218333333,3.27244882,260.5833333,0.025105263,8.194117647,0.98788275,2.142,83.3935,1731.664114
0,12.192,434.5594556,7.78,2.936968421,261.75,0.025625,14.185,0.99461135,2.1387,26.5804,1686.292056
0,13.716,396.6542483,7.633333333,3.858911184,260.75,0.020034483,4.867894737,0.80841715,0.3334,36.4583,1692.621921
0,30.48,700.2136605,7.830348259,4.492374026,211.2105263,0.013466667,3.1625,1.31207365,1.4781,38.4153,1635.83758
1,7.62,415.0604842,8.0125,3.421818993,136.3333333,0.038833333,6.4,0.46201615,2.481,97.1958,1700.542062
0,4.572,521.3778266,8.925,3.187945882,147.75,0.028888889,3.670833333,1.53533585,6.6641,61.9151,1510.950861
0,11.5824,559.9771881,7.772727273,3.905236379,210.5,0.017758621,5.545833333,0.4675216,2.7018,63.0523,1692.621921
1,3.042,54.58101147,8.6575,1.146863469,401.0767619,0.089078125,63.71176471,2.45426085,0,77.6221,2089.400169
1,10.9728,293.2396394,7.9276,1.98214527,481.948,0.106781579,21.7468551,0.9698449,0.4992,92.6389,1949.02918
1,9.7536,237.9282725,7.9967647059999996,2.571705112,596.1875,0.077942308,13.04665676,1.3078313,0.2016,44.2011,1947.534802
0,9.4488,46.28062948,7.621666667,2.117407407,241.7423077,0.080219512,30.58614074,0.5829114,0,47.3277,2075.266467
1,10.0584,30.55146168,8.065839416,1.955112195,562.6307018,0.28340082,17.67142857,2.81166665,9.0465,104.1512,2079.671094
1,3.2004,39.85269316,8.381515152,1.66660098,359.2142857,0.055381818,16.08933333,1.71074505,8.5143,76.7696,2097.061429
1,1.9812,41.49380348,8.275,1.391927737,382.7,0.06424,45.11666667,2.74079255,19.1778,90.806,2128.015214
1,2.5,32.97595859,8.64,1.874242424,149,0.027625,3.82,3.99036615,0,9.7142,2068.649057
1,4.572,13.15460403,8.446666667,2.439264706,248.3333333,0.0268,38.908,1.9121528,0.4468,19.0464,2074.253619
1,2.5908,18.08117468,8.496,1.840947778,250.6666667,0.0433,16.175,3.2345588,7.3057,49.6204,2087.47519
0,18.8976,639.8113619,8.143076923,3.302962543,364.8333333,0.028553571,6.187017544,0.4992017,2.0185,71.9184,1656.993003
1,17.9832,416.8069851,8.36,3.321019827,399.6666667,0.027795455,7.69,0.8424229,2.3975,62.5461,1762.203551
1,25.6032,1800.960866,8.454117647,3.545205446,545.25,0.032266667,7.269074074,0.282112525,3.2397,67.0541,1655.160227
1,10.3632,98.96257118,7.907272727,2.418737778,244.7272727,0.222,21,0.48733825,0,16.0701,1725.449402
0,1.8288,300.1173363,9.412,0.447142857,533.3333333,0.179,83.6,0.9521874,7.2012,19.3507,1843.947331
0,1,719.1003097,8.95,0.28,402,0.2205,83.6,1.237966,0.1675,23.8663,2099.529396
1,5.7912,199.1819026,8.500769231,1.068496063,338.4933333,0.086555556,74.5,0.46566415,0,38.495,2122.856595
0,1.524,2669.175717,8.953448276,0.432153889,383.8815789,0.29880555600000003,141.7293333,1.514948634,2.7719,57.1186,1995.672986
0,1.5,587.5780277,9.383,0.362507541,263.95,0.276333333,148.4833333,0.7434742,4.2667,28.0442,2072.09683
0,1,1033.149669,8.285,0.297864078,354.5333333,0.257733333,115.7066667,0.83393405,12.7903,28.5233,2109.61596
0,1,2034.061138,9.213333333,0.166933333,256.6,0.23675,213.12,2.389139225,3.6901,32.0265,1931.372732
1,6.096,11.37983966,7.434447301,0.971640764,534.4384196,0.23913245,48.32287273,3.19166665,0,127.3471,2136.321099
1,26.2128,341.2231108,7.660746826,3.357442975,592.8764473,0.10867655,5.002459016,0.9329231,6.8919,130.0251,2029.780916
1,9.4488,52.93027622,7.602857143,1.475342122,539.822409,0.106807018,20.08083929,4.6735417,16.4781,94.7058,2086.843563
1,9.7536,201.2367719,7.886897321,1.316197023,465.2542725,0.070813609,30.73574074,3.0498623,7.9906,126.6005,2117.25127
0,1,51.70972589,7.455254237,0.646290323,480.3727273,0.160586957,42.49571429,3.28055885,7.4312,181.2885,2079.796983
1,1,18.04456853,7.85,0.431818182,527.6,0.134,59.8,4.046875,21.1595,118.2152,2254.731422
1,27.432,423.8595781,7.653094435,3.894768047,668.5784229,0.083285714,6.09962963,0.9196722,7.0895,110.5677,2006.160892
0,7.62,67.63810756,7.565403226,1.331635556,1088.854762,0.162148077,18.70059107,1.84479165,9.665,97.071,2115.949933
0,7.6,20.90884661,7.766315789,3.117857143,782.6888889,0.0405,3.688272727,3.14488635,1.6914,42.4903,2021.430653
1,7.3152,39.97496309,7.690246407,2.136626812,839.5221258,0.306916168,23.334625,2.07404785,2.9169,89.2272,2035.27098
1,15.24,163.7926791,7.706428571,2.385199375,633.2895619,0.083384058,11.10343103,1.35434235,1.6181,133.9321,2062.352525
1,8.2296,170.9707176,8.306530612,3.035027778,304.7021277,0.0413,6.173889286,1.0773239,2.5243,60.0751,2017.744787
0,3.3528,83.91462014,8.3990625,1.323135,297.7866197,0.110583333,73.381,1.93613155,3.3694,39.0112,2058.238282
0,3.3528,37.21781175,7.424259259,1.75652,541.1666667,0.32398,8.658823529,3.44166665,10.488,133.3754,2078.160493
0,2.5,44.88920155,8.971463415,2.113559322,320.035,0.044047619,11.16914444,0.328426575,0.286,85.9085,2069.146385
1,5.1816,113.9254011,8.061142857,1.708861489,541.0571429,0.119774194,36.07101,2.482206575,5.5601,120.0002,2088.196581
1,11.2776,30.73503423,7.231578947,5.115182524,339.8153846,0.250392857,14.09285714,3.03402565,0,104.7277,2079.427538
0,4.572,96.91368327,7.797282609,1.895910053,538.4305263,0.340470588,29.01854,1.62562335,8.5169,88.0038,2108.403153
1,4.8768,167.1396003,8.426632653,0.83356175,477.7969072,0.119509434,65.82857143,1.4007796,10.1977,64.0861,2169.47801
1,9.144,182.4669818,7.91859375,1.528961814,570.7946154,0.176437879,60.19110345,0.60293615,6.8188,88.0577,2091.344714
1,7.9248,44.66139064,8.231104294,2.160246154,370.9316456,0.179827273,15.22210526,1.47335795,7.0589,100.1694,2073.47638
1,14.3256,924.3679962,7.777520107,1.794937626,642.7602757,0.186450877,36.7219901,0.84579565,8.8843,90.5821,2055.695888
1,10.668,296.2001406,7.825867347,1.996732921,603.0938967,0.090880769,31.598,1.46350165,4.8519,84.6445,2026.878104
1,6.4008,56.66567453,7.594270833,1.193841667,789.3339623,0.199508824,52.28578947,3.9292139,3.8906,31.8155,2061.324154
1,17.0688,152.0909324,7.729666667,2.827128125,444.6988016,0.156822642,15.33104167,2.4581082,2.2684,97.2299,1945.346581
1,18.5928,237.726142,7.59507177,1.629018901,490.4479199,0.165269,27.49181818,1.07423755,0.1739,95.5601,2046.105749
0,2.1336,84.05749205,7.774705882,0.522298578,402.7181818,0.162571429,105.1416667,1.6434998,2.9104,108.2412,2182.553573
1,8.8392,187.8495713,8.216900585,3.488418079,420.7336957,0.02554717,4.734736842,0.5039666,6.1456,62.8254,1983.451627
1,9.144,114.6126854,8.136803279,3.556056338,429.9926471,0.02972549,5.735882353,1.1335341,0,60.6226,1983.451627
1,11.5824,166.1808907,8.0182264150000009,3.756381579,409.7421603,0.066225352,5.185555556,0.836807,1.8723,92.5015,1983.451627
0,3.5,25.40744184,7.972325581,0.820547945,412.459375,0.128787879,65.975,3.23751045,3.8266,48.3577,2237.244073
1,6.096,53.47596069,7.811941748,1.151054217,482.8849558,0.195,81.85925926,1.4456238,0.3795,35.1995,2130.806684
0,7.9248,39.7336534,7.713333333,0.732941176,559,0.117888889,56.11666667,4.33015875,5.9393,4.4174,2142.267855
1,10.668,284.9933453,7.722938596,1.227880588,510.4267782,0.42795122,41.47115385,1.14826765,6.2034,81.9259,2078.689162
1,17.9832,832.0218934,7.688873039,1.810116312,369.4155963,0.233899231,31.7952,2.0648014,6.1002,28.3148,1976.022739
1,12.8016,175.4459692,7.612738095,1.300968302,410.0390625,0.458513514,46.89411765,1.70799005,3.1755,58.0708,2021.311561
1,11.2776,143.342684,7.838727273,0.788846154,449.0903955,0.370138889,54.94,0.4952311,2.1812,107.1762,2085.640627
1,1.5,93.23164417,8.385416667,0.47754386,353.9,0.1905,99.17777778,3.2951494,3.8019,33.2341,2172.662346
0,1.761,235.0881187,8.23,0.478076923,357.6363636,0.25995,115.425,3.0967844,1.6236,31.3396,2078.573923
1,17.4,352.7175963,7.6484375,1.542739044,427.2375867,0.282181915,59.90214286,1.8306529,4.1808,34.6677,2001.631512
1,17.4,204.5183723,7.451666667,1.297797101,422.3709677,0.359661538,44.675,1.6206607,4.1808,34.6677,2001.631512
1,8.8392,263.2767548,7.86295082,1.729205602,333.8449438,0.129330526,37.99,1.0744331,2.0106,31.6293,2030.82498
0,13.716,13.55377872,7.417,1.4024,497.3333333,0.236428571,21.82857143,4.38055555,1.5595,179.2115,2110.855254
0,1.7,42.93071437,8.473333333,1.306716418,416,0.045,12.608024,1.83088615,12.7408,114.6391,2066.374003
0,1.1,39.1529,8.565,1.041111111,1090.5,0.03775,7.564,1.82039215,7.6378,118.9512,2034.939236
0,19.812,232.4033152,7.773333333,3.295625,285.6163265,0.026588235000000002,7.796,0.1837523,3.7226,19.5903,1638.112969
0,12.192,175.2069383,8.008947368,3.151978182,334.1,0.041875,3.5475,0.16756905,4.6481,33.5493,1570.700951
0,40.2336,2433.396106,8.543333333,3.980273574,293.3333333,0.012827586,2.877826087,0.15670965,5.7048,62.3091,1523.75229
0,10.668,345.6349048,7.899333333,2.670647368,173.1083333,0.026521739,10.21625,1.18449945,2.0337,27.3338,1591.445943
0,14.9352,269.6679322,8.273333333,4.960642105,226.0833333,0.021333333,1.755,0.1249568,0.5597,41.4677,1471.515853
0,15.5448,35.80040989,7.924444444,5.750516364,85.756,0.01,1.68,1.47340455,3.934,15.8029,1516.996948
0,7,212.5015822,7.756666667,2.05166875,312,0.031818182,5.254,1.74136065,7.3261,33.1724,1531.044796
0,39.0144,1926.114318,8.41,3.074604975,268.3333333,0.012222222,4.662916667,0.02462415,1.0874,55.9394,1581.895892
0,1,239.753216,9.03,1.8,194.3333333,0.016,3.08,0.2860668,1.5429,55.1202,1446.478232
0,4.8768,204.9263604,8.198888889,2.753745455,332.2,0.038,11.9,2.0943348,6.473,18.5891,1569.344303
0,4.2672,428.7166208,8.330322581,1.53748288,292.5764706,0.047233333,20.86516129,0.8218046,2.4537,44.9046,1667.184981
0,64.9224,237.8983904,7.861724138,2.791125,363.4740741,0.01175,9.15,0.42287155,7.1623,5.2894,1520.425045
0,1.524,298.1597176,9.0124,0.273448925,208.0714286,0.279892857,120.5411765,3.98842665,6.8628,38.6333,2084.672876
1,10.668,228.0634256,7.782857143,1.643534239,264.5,0.046875,22.4,3.1312536,1.8032,51.6175,1825.095037
1,9.144,360.0077965,7.65,1.7543003129999999,288.5,0.049,31.42625,2.67071905,5.5846,75.0919,1726.830584
0,3.3528,145.9278724,8.276666667,1.0389,325.5714286,0.1375,61.2,4.13016945,11.6717,28.5845,1963.654325
1,3.048,387.365787,8.75,0.650674965,176.6666667,0.118333333,57.76,1.4437462,5.2112,70.9308,2013.83638
0,2.4384,269.4317168,9.07,0.342280422,174.125,0.504,363,1.64658105,8.4874,64.0737,2064.604308
0,1.524,275.3932572,9,1.95,142.6666667,0.0125,1.85,3.845189775,0.6154,30.2915,1640.029909
1,3,88.45487481,8.836363636,1.158189091,302.5833333,0.1695,35.15,2.98477535,11.515,30.3607,1959.037142
0,4.8768,410.8366017,8.665384615,1.48,270.1538462,0.127333333,85.8,1.156007,8.6266,55.7181,1878.051481
0,3.048,156.826606,8.774615385,0.818181818,283.4615385,0.192,40.5,4.4962688,7.1696,32.4897,1923.569686
1,12.2,238.7644366,7.841,3.937785366,328.03125,0.0945,3.951666667,2.18558975,4.1466,35.1247,1554.570241
1,12.2,140.7759677,7.805151515,3.768225067,299.36875,0.08525,3.381666667,2.2097845,4.1466,35.1247,1554.570241
1,10.3632,105.5998997,7.56,2.609725926,108.3333333,0.032098,10.37,4.63813175,0,68.4633,1615.170421
1,16.1544,38.96666076,7.632307692,4.188910112,178.0571429,0.0564375,2.965,2.4381851,6.2285,128.072,1584.192893
1,17.0688,130.3655334,7.920689655,4.792315862,251.1939394,0.056214286,3.788571429,1.21289215,2.5754,64.1234,1561.017251
0,32.004,1209.972698,8.000925926,4.591886189,281.8113208,0.010428571,2.012,0.1181798,2.3987,41.0044,1530.280868
0,22.86,2715.149836,8.12,4.317434312,230.75,0.040940909,6.048888889,1.8778654,3.0515,33.4991,1559.652575
0,21.3,714.5568552,8.405,3.03,197.5,0.074266667,3.633333333,3.42646685,3.0962,33.2023,1554.484814
0,21.3,3579.300477,8.022,3.239904189,213.94375,0.061733333,8.323333333,2.75863485,3.0962,33.2023,1554.484814
0,8.5344,622.4190995,8.208333333,1.860244675,283.7142857,0.059714286,13.30875,3.2003927,9.1663,25.0964,1607.622466
0,1.524,559.7163413,8.59125,1.056363636,147.2428571,0.03125,8.533333333,1.39556445,0,0,1675.948176
0,3.048,324.6392778,8.106666667,1.131818182,169.5714286,0.06,35.30571429,5.94824655,4.8521,22.9646,1553.688558
0,2.7432,707.6827167,8.566666667,0.522945161,449,0.331307692,211.1975,0.5887348,5.7497,22.616,1952.797004
0,1.766805678,457.3296828,8.816,0.402201905,462.75,0.215,119.1571429,1.27233535,5.6407,16.1515,2030.980591
0,1.478,89.22924318,8.61,0.413571429,348.5,0.2306,126.5,0,0,15.0445,2080.600533
0,1.146,4874.020871,8.35,0.248571429,801,0.211,167.9,2.2161609,4.0986,43.3563,1991.504274
0,3.6576,314.5339779,7.547272727,0.879058824,85.7,0.0486,35.98333333,4.30316555,1.7867,44.8694,1759.909721
0,3.048,412.2003195,7.513333333,1.876699744,21.65,0.0275,6.197777778,3.9515359,0.548,31.9761,1609.877969
0,3.048,226.3792886,7.874375,0.747664348,147.1875,0.138916667,40.65,7.0424371,7.2835,43.7022,1832.341724
1,4.2672,1259.242339,8.028571429,1.061242409,141.8388889,0.164888889,42.62380952,3.3726282,2.4394,49.6077,1771.23737
0,14.3256,178.9956948,7.831304348,2.17827525,296.4166667,0.058909091,12.316,4.4535351500000004,3.8862,34.2398,1764.673307
0,2.7432,506.4074536,8.562727273,0.871509029,179.2142857,0.149166667,70.4,4.939691,6.8938,53.9853,1759.151749
0,4.8768,653.492475,7.993529412,1.114772762,121.2888889,0.3718,43.17857143,4.84086875,5.1538,18.1188,1782.783855
0,7.9,89.37029953,8.120357143,1.445903374,480.6666667,0.0206,5.66,0.48395,6.5936,24.1081,2009.47896
1,3.6576,647.1177842,8.31,1.414248763,403.3,0.028708333,9.995833333,0.9371278,15.8068,34.6453,1834.762345
0,2.4,791.0970348,8.295555556,0.659593655,521.1111111,0.267,31.542,2.45149105,3.1319,15.1774,1992.988184
0,2.5,148.8433607,8.777142857,1.364,350.6,0.048333333,8.2,1.3715844,4.1114,27.2961,1893.304765
1,17.0688,75.32252934,7.857575758,3.755335229,455.8235294,0.277,3.438,0.35455025,0,65.1498,1886.419121
0,2.5,68.6679881,9.044375,1.632727273,372.7058824,0.0805,6.233333333,1.5218182,2.1814,33.5,1892.009288
1,11.8872,78.98581353,8.425,3.80675392,491.3333333,0.014818182,3.405454545,0.67173985,2.7829,52.3481,1814.587924
0,1.5,229.1287061,8.649090909,0.3706,567,0.118666667,25,3.1117822,9.7052,54.8449,2025.391498
0,4.572,1567.875065,8.76372093,1.970582917,650.5714286,0.099235294,20.83117647,0.73008685,2.6609,35.0441,1912.116039
0,3.048,204.2564646,8.667619048,0.654225352,566.8636364,0.10375,29,1.14918435,1.4245,28.6524,2022.5013960000001
0,1,654.3163757,8.79,0.730909091,406.4,0.053,6.27,3.018784,5.4811,11.9543,1836.535246
1,7.9248,758.8917184,8.74,2.897784615,408,0.02475,3.226666667,0.44939565,4.1251,56.9242,1918.610526
0,3,368.4939406,9.1,0.74652,381.2333333,0.0675,16.364,1.4500767,0.4942,30.6857,2019.658276
1,8.8392,705.3908055,7.509090909,2.932885854,400,0.021615385,5.376153846,0.3368471,7.8824,25.9675,1889.317937
1,12.192,521.1049186,8.335333333,2.298534347,410.1333333,0.038722222,10.67571429,0.57876655,2.6145,39.8062,1823.585995
0,4.2672,513.0550717,8.729411765,0.5065625,521.5714286,0.1208,8.8,1.3246291,2.6767,11.875,2034.164639
0,3.9624,657.7206305,8.864615385,0.739019231,502.4545455,0.091333333,46.23333333,1.505928975,2.0338,15.3527,1997.519784
0,1.8288,200.7680931,8.682222222,0.650952381,500.75,0.182,62.6,0.8903029,10.1404,32.3903,1961.692837
0,0.9144,66.2361733,7.26,0.8,54.3,0.017,1.05,6.8863095,10.9959,0,1182.015423
0,9.144,406.1095993,7.527954545,3.292643077,81.44680851,0.013666667,8.241666667,1.556557025,1.1147,23.5006,1326.262681
0,9.144,295.1029288,7.421428571,3.342264564,83.40434783,0.018833333,5,1.39570555,3.9927,36.2072,1253.305028
0,1.8288,175.5803856,7.24,1.209938462,66.83333333,0.02,4.314,9.706404,6.9065,17.441,1169.108435
0,1.95776651,1329.214015,6.851666667,0.871550769,34.475,0.022,8.1025,8.82160625,3.7811,9.9887,1377.983917
0,3.9624,81.1282586,6.464,2.923090909,25.25,0.011,3.1875,2.4725183,0,29.1903,1309.925955
0,3.781742386,272.8491565,7.273333333,0.700108333,56.85714286,0.027,2.666666667,7.01185135,3.6096,18.3587,1524.509174
0,6.096,237.7215212,7.903846154,3.244007059,124.275,0.014,3.835,2.3357778,1.7097,4.535,1191.20574
0,3.048,892.0122654,9.338,1.276628955,420.2857143,0.596285714,45.7,3.1675837,4.6114,68.9313,2068.335035
1,9.4488,1357.802544,8.445555556,1.787206184,435.4545455,0.423714286,40.67833333,1.623247925,7.8606,67.703,2024.921326
0,20.1168,268.8642213,8.224302326,2.832355484,389.1693182,0.251730769,23.86875,0.78978405,4.3817,47.7234,1945.422994
0,16.1544,77.4026774,7.5744,3.84449823,344.4642857,0.0186,4.596666667,4.4084918,4.8915,11.0519,1936.814765
1,15.24,881.7572119,8.278,1.614943182,331.5423729,0.149323529,42.87578947,0.8241802,5.9804,48.5647,2076.420125
1,11,684.5721786,8.615833333,1.7952689,325.8478261,0.136566667,44.70294118,0.86667055,1.5108,49.4781,1898.284081
1,7.0104,438.811772,8.507714286,1.106397473,339.7666667,0.1538,48.90666667,0.51722985,0.8342,56.1054,2107.872694
0,2,376.8103981,9.007142857,0.945454545,404.1428571,0.287,153.9866667,0.30792175,1.7693,39.2012,1915.740713
0,12.4968,1516.114262,8.264166667,1.721432876,360.0714286,0.13772973,67.07695652,0.278648,4.0605,72.1887,2062.415205
0,10.9728,299.999889,8.104285714,1.00314704,424.8333333,0.475666667,33.2,1.524323725,1.6939,45.5266,2039.036826
0,1.8288,547.0790276,8.574444444,0.682812584,665.2111111,0.232333333,46.375,1.2493091,5.7843,15.9801,1926.347563
0,2,221.2030697,8.792,1.019366154,838.6,0.160333333,11.85,1.46284595,4.4598,26.6625,1851.418092
0,2.7432,2699.47835,8.699166667,0.946164922,518.4285714,0.4243,67.03333333,1.0332458,3.7542,36.2984,1774.013127
0,3.314397275,996.2861018,8.7559375,1.629599725,621.22,0.183705882,50.4532,2.9617892,2.912,29.3383,1816.90821
0,1.7,347.3171972,9.05,0.442307692,419.5,0.1016,45.43333333,3.90976085,6.2952,19.8909,2059.216314
0,8.2296,1127.004654,8.468780488,3.092527138,289.3342857,0.014125,5.1275,0.67218955,3.3488,38.9627,1510.957978
0,1.2192,6896.310883,8.432,0.869,278.5,0.031,5.77,6.786947,9.0784,20.4704,1414.791468
0,5.5,83.16646376,8.488571429,0.849451429,359.2888889,0.123,92.325,1.0216013,2.941,111.7279,2164.590793
0,5.5,138.2032017,8.44,1.1433975,396.1545455,0.132142857,45.53333333,0.4402003,2.941,111.7279,2117.469534
0,5.7912,227.9088988,8.414166667,1.369978654,389.9545455,0.104111111,83.46666667,0.68903225,1.5278,93.133,2111.655738
0,7.62,548.0516689,8.2,1.1254534,434.1266667,0.1069,54.425,0.60010535,3.8528,57.2954,2115.12313
0,4.8768,182.0878862,8.105833333,0.733561905,407.0090909,0.0978,97.45,0.64230475,5.8154,57.1595,2157.94899
0,6.096,951.0200807,8.515652174,1.25688619,414.0545455,0.1165,150.0571429,1.3294534,2.3213,32.9493,2032.121654
0,8.2296,163.7718705,7.941818182,2.343744552,355.0384615,0.082222222,17.2875,2.51468345,1.2969,42.8264,1937.365986
0,8.8392,201.2038934,8.626153846,1.207148342,341.75,0.284941176,51.77692308,0.88509975,2.2233,74.0678,2001.253198
1,5.1816,2438.09043,8.132,1.24409581,328.75,0.02952,13.40263158,0.2790824,2.3063,39.5563,1983.936097
0,6.4,863.9271849,8.575416667,1.499688092,332.3571429,0.060727273,21.99833333,0.5007244,0,41.2979,2516.447308
1,15.24,292.5220964,7.954615385,2.691745653,487.652381,0.037857143,8.022857143,0.5494019,7.0727,39.1464,1905.137902
1,7.62,189.5482273,7.957083333,1.717722105,373.1576923,0.152428571,7.31,0.9205166,0,17.4219,1965.240964
1,4.8768,529.0691257,8.48,0.764509613,429.5166667,0.159038462,71.06,1.5737925,5.5948,35.443600000000004,1998.727788
0,1.1,153.2284545,9.463333333,0.887272727,308,0.037,7.155,1.51113495,0.4835,12.0577,1894.659133
0,3.048,782.5813901,9.04375,0.481285272,293.7166667,0.182428571,200.3428571,1.6679575,2.6597,24.7487,2038.841833
0,3.048,273.9835819,7.9175,0.610526316,393.28,0.19,225.8,2.90240425,2.2501,16.0812,2094.925058
1,12.192,128250.5327,8.151408451,3.446957241,176.9859155,0.028068182,4.242833333,0.48547845,4.9597,69.1301,1684.004448
0,3.6576,583.7556904,8.654615385,1.635155556,170,0.042,22.01,1.8258815,3.3921,19.4871,1709.967141
0,2,409.1381422,7.95,1.558461538,301.0666667,0.0255,3,4.2190361,5.5106,10.7289,1577.021884
0,15.5448,1103.40191,7.625555556,2.627467925,136.4037037,0.0184375,7.188571429,3.23652415,2.6073,33.525,1709.486515
1,26.5176,235.6393261,8.013690476,4.001053755,332.4105882,0.045882353,2.308333333,1.04846195,8.825,40.1805,1713.226957
0,2.4384,126.9019196,8.89,0.497476923,582.475,0.059,78.1,2.12248755,1.3447,12.197,2052.909171
0,2.7432,122.7147588,8.399375,0.833167792,774.9244444,0.137421053,35.29522222,2.92112335,4.6258,61.0855,1884.988784
0,1.504715174,326.045198,8.838,0.253444444,662.6,0.19625,185.1,2.45662635,5.3263,44.8342,2007.727886
0,2.7432,1209.245167,8.621666667,0.608394955,622.5555556,0.164,67.94333333,2.085905425,4.7235,31.9657,2015.554732
0,3.262371599,405.7391043,8.793333333,0.345657436,713.4545455,0.142,88.6,2.32670625,1.6563,29.4849,1896.940293
0,18.288,7545.693746,8.676,2.851681712,328.6666667,0.024646341,8.85225,0.319278638,1.3494,30.9364,1571.273528
0,3.048,79.32452189,6.015,1.346775385,18.88888889,0.03,17.46666667,6.9473356,0,4.6276,1556.084927
0,14.0208,70.59723198,6.244857143,4.621665806,28.02857143,0.017428571,4.71875,3.40752455,0.5742,38.7504,1531.75607
0,3,79.77168676,7.00375,0.84672,84.25,0.064,24.35,7.86561985,9.3325,22.3643,1740.210618
0,5.1816,458.7392462,7.055714286,1.399800449,72,0.0354,22,2.43961805,5.9552,45.4948,1583.814352
0,5.1816,60.95154537,6.69,1.180887273,69.3,0.03075,27.85,10.33671715,10.9849,8.8765,1659.783026
0,12.192,526.7003419,7.400606061,2.102634246,92.22352941,0.181357143,14.26727273,1.82356265,3.3364,67.6515,1534.2224
1,12.192,1705.914008,7.726744186,4.411078259,73.12954545,0.019769231,3.932,0.9639566,0.4845,62.6014,1485.379575
1,12.192,527.2355865,7.310789474,3.193642554,87.76,0.0775,6.198,2.06352575,5.2728,95.3389,1463.023089
1,9.4488,925.2973442,8.191607717,1.119950374,215.5376623,0.179513514,18.18378378,8.2876216,3.6417,72.6859,1812.846682
0,4.572,232.9596692,6.82,1.467319355,106.64,0.03,7.78,7.2610491,4.1927,26.511,1663.401065
0,6.4008,398.9487622,7.635,1.813226543,140.8222222,0.033142857,18.20692308,3.156628,3.8274,73.4622,1656.448388
0,3.6576,525.1344008,8.412,1.262941176,356.5,0.0538,52.9,0.90443,3.0738,23.9154,1583.427433
0,3.048,1399.251368,9.136666667,1.809441975,250.6666667,0.091944444,69.34066667,0.712126125,0,11.5865,1773.927376
1,14.6304,417.1432264,8.91,2.869531341,360,0.023952381,7.330645161,0.44704655,9.2347,53.8255,1759.199446
0,3.048,323.8344487,9.135,1.024453333,440.6,0.065428571,34.63333333,0.372347,0,13.8626,1926.497998
1,8.2296,335.9633853,8.32,1.50344411,427.725,0.069365854,48.508,1.35957445,4.0989,34.3127,1892.912972
1,0.9144,2316.328154,8.8,0.581468485,500,0.1167,56.31928571,0.81919095,9.2497,8.2124,1860.408182
1,10.9728,1049.089611,8.033935484,1.620207402,373.4576877,0.08866125,32.38242387,0.92566375,7.1492000000000004,69.9818,2049.535879
1,3.3528,84.11245837,7.907666667,1.374132653,526.8098684,0.090892308,38.74964674,2.55973735,4.9626,73.4949,2149.970878
1,12.4968,235.0115907,7.719495614,2.126621639,758.0585987,0.193086498,15.02227122,1.41369275,6.0501,77.2807,2035.74399
1,4.8768,21.42637671,7.662552083,2.384916201,677.8173516,0.123875,13.87529412,2.2741898,10.6225,94.8291,2112.319657
1,3.6576,85.76254339,8.10379845,1.92020973,551,0.101895833,24.29235229,1.7091856,6.869,124.5107,2138.475924
1,1.8,112.5713741,8.9025,2.342758621,421.1666667,0.031134043,7.04225,3.0303439,3.0878,133.4108,1876.323356
0,1.829,114.6184086,8.32952381,0.471621622,364.4761905,0.24539375,82.17478261,2.14447515,2.304,90.5571,2198.826478
1,17.3736,607.2323253,8.484347826,2.790909091,391.48,0.21725,25.85,3.3853679,4.0311,59.5418,1972.699665
1,4.8768,69.29929865,7.24258427,2.176793871,705.7538462,0.350484043,22.41876325,4.28466665,10.1179,74.1511,1816.8982800000001
0,4.572,71.29771889,8.051130435,1.341638058,487.9553571,0.284090116,40.13457772,4.1645284,2.4873,176.7334,2112.336943
1,10.9728,374.9639172,7.589969325,2.015166045,358.4431138,0.063934962,18.90295455,2.25880405,7.4575,88.5351,2015.450647
1,13.1064,116.1731327,7.714140845,2.258035189,412.3809524,0.122096685,12.76790471,1.118212,17.943,127.258,1977.918021
1,8.2296,450.0169915,8.202301587,2.541080272,336.1268657,0.022291391,5.400125,0.6121122,7.8734,76.2798,1949.186577
1,12.8016,211.9098601,7.799913545,2.366608125,726.5853261,0.146325967,14.6135856,0.88351375,6.5252,112.2431,2073.359816
1,14.0208,70.84322849,7.456775068,1.229175515,609.3641161,0.213072581,42.30558442,0.82826655,3.7403,149.3946,2139.441275
0,1,754.8799246,8.775,0.298733333,509.8,0.1835,151.5,2.00797885,6.8021,39.6163,2042.034714
0,18,64.48834718,7.318333333,2.146422414,236.2,0.144,8.71,3.78929665,0.4527,27.3154,2052.956252
0,11.2776,632.29078259999994,8.8805,1.265155187,328.7222222,0.397666667,87.73076923,0.82078945,8.7449,50.3295,2037.515285
1,3.9624,837.5810807,8.9925,0.865005755,357.5,0.488,86.56666667,1.38731115,4.9191,44.5706,1966.678277
1,14.9352,687.6812944,8.5925,1.207806486,294.4285714,0.2875,47.7625,1.126947,4.3545,50.3438,2067.166012
0,3.048,372.206608,9.053333333,1.114408941,409.5,0.5624,61.74444444,2.3298115,4.6114,68.9313,2068.335035
1,7.9248,176.3620412,9.38,1.121986,282,0.109666667,59,1.2138004,7.3889,51.2453,2073.116235
1,12.4968,902.4409827,8.65,1.088043192,258.3333333,0.112058824,62.2,1.4400725,4.6515,46.6683,2024.5874
1,9.144,940.4902338,8.915454545,1.409765113,339.4615385,0.344285714,19.91,2.2471821,4.4999,31.6218,2034.624523
0,2,303.2361358,8.316666667,0.611194286,411,0.33875,76.205,1.07220695,10.6588,24.9412,2142.493693
0,12.8016,3237.469031,7.01487013,1.580201209,58.80825688,0.02425,5.522727273,6.9299941,3.2542,35.5166,1396.622634
0,1.524,450.6676677,7.628333333,0.732,54.28,0.029,6.01,9.44011675,4.9132,0,1316.85576
0,1,124.5625986,6.716666667,0.901107692,49.33333333,0.047,16.66666667,5.7486995,8.5027,23.8466,1335.897273
0,3.7,455.6329805,6.725,0.871446154,69,0.0205,5.805,7.9617828,3.3405,6.3346,1373.860765
0,13.716,661.9864661,7.014262295,3.419501081,52.04390244,0.064294118,5.396,1.791994375,0,13.0633,1322.7076280000001
0,2.1336,2372.45696,7.617777778,1.2007075,119.2090909,0.122714286,11.8,4.81027765,5.6753,13.6333,1386.594837
0,6.096,538.5763057,7.8016,2.223415039,120.5592593,0.018666667,5.873333333,2.3413667,3.4361,34.6305,1397.73652
0,3.048,275.8385844,6.615,1.03255,39.75,0.033,6,6.08353495,1.6949,34.1148,1441.225177
0,3.9624,389.2955275,7.018,1.768641644,34.14,0.0235,10.84666667,5.83222805,3.1417,1.2678,1457.64511
0,9.055068809,728.059456,7.222826087,2.833228872,91.28837209,0.026777778,13.544,1.2004065,3.3292,21.0479,1433.56851
0,10.668,11546.34873,7.874054054,2.625789606,113.9435897,0.037923077,9.7,1.419502825,3.2983,36.1155,1363.629399
0,13.54686374,794.3346195,7.439230769,1.50306063,123.6875,0.029,15.76,10.7814577,4.2282,44.8448,1606.225292
0,3.6576,133.2971902,7.54,1.524,225,0.037666667,10.7875,7.15305165,14.6755,6.9785,1395.514382
1,2.4384,144.7462396,8.053129252,1.399794043,323.2496732,0.164842105,65.3727027,3.4619577,3.4488,34.4493,2050.827997
0,2.1336,135.2897509,8.44,0.681,371.75,0.3235,230,1.82949275,8.2264,33.3379,2183.584817
1,3.9624,186.6100652,8.821333333,1.247815916,177.9310345,0.106588235,44.26103871,0.03148485,0,41.2879,2125.63081
0,2.7432,195.8809774,9.365,0.843,365,0.522,152,4.07427355,12.1934,36.9395,2129.931657
0,8.2296,175.9162838,7.957138047,1.530913924,422.6891975,0.184018519,20.26489796,1.64877165,2.4168,42.0407,2072.220203
1,12.192,386.2571107,7.706086957,1.325889039,500.6220207,0.248507627,58.22125,0.786467284,4.3079,93.2801,1982.30761
1,2.958,48.97445523,8.070606061,0.704748603,381.4115385,0.174081633,99.6630303,2.96486805,8.4128,32.4735,2235.920624
0,3.048,793.4369474,8.313513514,1.196427826,376.8314286,0.22522619,62.72123333,0.57709295,3.2606,35.3288,2033.190087
0,1.524,288.9507642,8.986153846,0.702,337.1285714,0.090076923,25.0512,1.4581755,4.7162,34.7175,2114.044457
0,3.048,493.0029348,8.514,0.698816988,200.3428571,0.172142857,99.682,1.486639,2.6858,71.6444,2029.747244
1,4.572,361.9088126,8.344137931,0.771435176,259.4405405,0.095444444,40.75,0.61666935,3.7026,62.7059,2013.032353
1,9.7536,169.5045795,8.702,3.109710029,330.7692308,0.020833333,6.77047619,0.9206633,0,82.5471,1822.978842
1,13.4112,253.664896,8.341666667,3.640015453,365.1333333,0.0372,6.192105263,0.8295929,0,108.5129,1822.978842
0,7.6,154.484345,8.560714286,0.857002099,309.7,0.092790698,25.38,1.4753332,6.0008,52.4309,2028.065361
1,7.6,160.9134995,8.765384615,0.797677122,305.7142857,0.123939394,60.85818182,0.5688105,6.0008,52.4309,1926.530887
0,1.463,882.1935625,9.111666667,0.476704545,464.0333333,0.312571429,90.64,3.585713,3.4918,55.6821,2021.911707
0,5.4864,753.0965603,8.505517241,1.78763426,366.7705882,0.031809524,23.415,0.96116315,8.423,38.9335,1879.51849
0,10.0584,650.5371782,8.511176471,2.737209937,336.3176471,0.0344,13.27333333,1.2892943,9.967,26.0638,1869.091074
0,12.192,291.0633523,7.971923077,3.768293816,399.6461538,0.08544375,8.465555556,1.6217528,10.2349,37.7262,1723.866917
0,6.096,160.6439408,8.3332,1.437725333,561.5384615,0.239888889,84.71666667,3.7840353,14.5711,31.5657,1891.095251
1,31.6992,125.5641405,7.93870229,2.577018367,464.4553719,0.038125,15.84714286,1.5059849,15.5867,18.0155,1841.162604
0,2.7432,209.2919129,9.373478261,0.72703413,347.768,0.114322222,43.6925,0.65664415,3.9601,11.0129,1950.382051
0,39.9288,2968.287656,7.991904762,2.430925958,402.2568421,0.094987013,18.55866667,0.3832961,3.2372,68.6049,1841.32226
0,3.039,250.2039923,9.602105263,0.366363636,430.125,0.340833333,138.226,1.0497845,5.9102,21.3597,1975.201133
0,13.1064,203.8588389,8.126785714,2.452412868,475.3029851,0.2753,15.10666667,0.40095245,3.2311,17.498,1834.57727
0,1.43,208.4006832,8.7425,0.802105263,508.6666667,0.843,52.41666667,5.32065625,4.731,15.4425,1885.012033
0,4.8768,95.08902351,8.428095238,1.385964444,394,0.208125,39.06666667,2.4523246,2.0635,14.6581,1863.33746
0,1.6,204.4508411,9.25875,1.452608696,256.9090909,0.033875,6.95,3.10148385,0.4293,15.8158,1688.588441
0,1.782173545,527.8775899,8.691428571,0.290909091,191.6666667,0.2818,140.8,0.5856467,5.1851,15.4874,1987.981398
0,7.9248,97.95302514,8.163076923,1.5297968,309.1904762,0.048625,12.89,0.2007945,6.7578,41.6484,1977.909971
0,4.572,207.9926712,8.571428571,1.561457231,315.0941176,0.101,51.55,1.04753735,0,27.0165,1893.427911
0,1,218.0682259,9.69,0.769285714,368.25,0.0692,38.6,2.5682495,3.1346,22.3891,1855.144867
0,1.2192,608.9937593,8.864,0.193,445.54,0.069666667,55.06666667,1.06312235,5.6212,22.3232,1954.471627
0,1,403.7949436,9.23,0.5302,650,0.606666667,73.66666667,1.84427395,8.9166,10.1061,1862.638528
0,17.0688,270.336134,8.2425,5.13521703,237.6068966,0.1466,4.84,0.85603585,1.4644,32.6291,1714.299095
0,1.524,253.4094467,8.66,0.805555556,491.5833333,0.100857143,57.28571429,2.3451587,1.8941,39.1194,1790.077324
1,17.3736,129.1023671,8.291153846,2.21276,365.6153846,0.1005,11.828,2.6846389,3.9165,18.6865,1814.75683
0,13.716,946.5641383,8.241875,2.514114132,366.9666667,0.056133333,31.146875,0.9854737,7.9562,28.7518,1736.930465
0,7.62,171.0152339,9.084166667,2.713816762,94.76923077,0.036333333,14.9,3.0895164,2.0644,17.0139,1772.529099
0,2,562.0871134,8.48,1.38,185,0.0625,9.025,2.5316587,2.7673,18.534,1671.692242
0,20.1168,6389.37365,8.237735849,2.467977136,414.0255172,0.108939394,27.47288136,0.71080455,3.7061,52.3506,1717.510793
0,7,251.9141598,8.042,1.979015658,315.5,0.04595,15.2004,1.3169715,7.3261,33.1724,1531.044796
0,4.572,532.5431202,8.3275,1.036931741,312.25,0.099045455,60.61176471,1.21995585,6.4866,20.9465,1712.121189
0,8.8392,91.20441055,7.965172414,1.640026437,349.0435484,0.135625,13.76833333,0.40591325,4.9508,68.5162,2043.936613
1,17.3736,194.5412123,7.846666667,1.90334624,374.0461538,0.063571429,23.31666667,0.8184882,4.8037,30.751,2000.271788
1,22.1,4282.770538,7.567843137,1.472353788,205.9486842,0.049128492,16.36508671,6.421659867,4.276,64.2588,2025.399867
1,8.8392,221.4540296,8.11962963,1.449103059,288.7037037,0.046263158,24.102485,1.721926,5.1479,52.3382,1919.57387
1,10.0584,63.15438546,8.636666667,2.342948718,516.3333333,0.024527778,10.44554815,1.7903755,5.7073,94.3549,2024.269492
0,1.5,357.9506542,9.133333333,1.754,77,0.031736842,4.822222222,1.7372345,5.3219,35.7873,1794.532496
1,4.572,133.1387133,7.8,2.94459364,146.25,0.033745098,6.1774171430000004,1.22693155,0,63.41,1811.472305
1,10.9728,2270.935001,8.22057971,1.759383026,306.7697842,0.042810651,15.40569744,2.311751225,3.3018,108.9763,1865.028602
1,8.2296,428.9533614,8.095974843,1.670827015,545.5470588,0.100156863,7.192,0.27341455,2.5316,100.4841,2008.563848
1,1.2192,178.9440742,9.146666667,0.794166667,526,0.29264,2.69,2.74395955,14.6487,46.6992,1966.763026
0,4.2672,202.7581603,8.784666667,1.407772049,517.1138889,0.0511,24.69,1.379343,1.5268,66.8725,2103.35256
1,12.192,252.5172337,9.08,5.300371429,230,0.016153846,3.9358823529999998,0.83046705,1.7024,27.5472,1850.619453
0,2.3,139.8961157,7.774,0.681818182,448,0.3879,78.36666667,2.48512705,7.6196,25.1714,2123.583177
1,6.096,174.5653331,7.935,2.091133333,401.85,0.08,80.55,1.0120869,4.0648,40.236,2005.686807
0,2.7432,162.0561824,8.547777778,0.921875,225.6444444,0.151,102.8,1.0482726,0.2609,35.1403,2046.326339
0,3.048,434.6534062,8.235,0.446117647,442.5,0.12325,164.9133333,3.64827505,2.9581,35.2761,2115.418727
1,10.3632,1551.902439,8.450740741,1.005963889,390.5645161,0.100615385,83.2,0.24534885,4.6664,90.8301,2053.352446
1,3.048,338.0080119,8.768888889,1.033155963,464.4,0.407272727,87.71818182,1.6991959,9.9555,38.4901,2032.406783
1,7.6,171.0559559,7.997777778,1.678093333,470.6222222,0.212,69.66666667,0.98631625,4.1099,31.6255,1910.532663
1,21.336,493.9943678,8.231578947,2.29630339,383.1176471,0.0875,17.2295,1.0480502,1.5324,86.2246,1932.454962
1,24.384,316.5155857,7.819473684,1.74554,461.0571429,0.113529412,27.52307692,2.00852235,8.6124,39.647,1914.999967
1,6.096,162.2990652,8.83,0.824904706,541.3789474,0.2105,57.6375,0.68813455,3.0478,34.5867,2078.928804
1,3.9624,188.5730669,8.454,1.250472727,390.34,0.16075,68.3,2.0127993,4.8738,33.8989,2066.748719
1,10.668,745.0012495,8.417,1.615491654,343.2,0.0972,42.75,0.6795688,3.5763,80.1355,2026.719573
0,3.048,292.8713355,8.35,1.095,364.5,0.3963,107.4,1.9914966,6.6901,18.8666,2013.563429
1,10.0584,361.6697853,8.297777778,1.935138137,336.8888889,0.05635,34.14210526,1.9671305,3.5492,34.4344,1987.183494
1,9.144,139.2849893,8.396842105,1.631305691,365.4272727,0.144692308,32.743636360000004,1.3343616,0,46.5788,1955.009554
1,30.48,790.3073729,8.603333333,2.371124731,465.7916667,0.049285714,13.814,1.42553435,4.4256,36.6185,1933.065593
1,9.1,279.7454071,7.426666667,1.268472394,275.5,0.301681818,70.855,1.7931652,4.2651,30.9686,2034.99244
1,9.1,151.3538599,8.285,1.542212912,263.3333333,0.13392,50.42631579,0.45119465,4.2651,30.9686,2034.99244
1,20.4216,1014.20948,8.19875,3.137513311,314.6666667,0.0277,5.81,1.001105,0.8582,43.3619,1810.261514
0,1.5,243.5191774,8.883333333,0.3,254.2,0.1418,184.925,2.8554189,2.4617,18.9936,2137.746409
0,12.192,87.07131718,7.81,4.09202,416.0769231,0.087428571,2.525555556,2.2136027,4.7534,34.732,1748.601333
1,13.4112,137.1525953,8.93375,1.71440995,466.6666667,0.42988,39.03888889,2.2034476,4.9357,38.0776,1889.530339
0,13.1,192.6990264,7.6878125,1.406699187,638.8842105,0.403952381,49.75294118,2.4484132,9.3044,42.1856,1950.982337
0,1.524,381.5394581,8.705,0.359833333,917.3333333,0.418166667,166.25,1.45801055,4.7217,31.0918,2121.823932
