DOWLKNUM,UTMX,UTMY,LON,LAT,mean.gdd_wtr_10c,ACCESS.avg.ann.gdd,MIROC5.avg.ann.gdd,IPSL.avg.ann.gdd,GFDL.avg.ann.gdd,MRI.avg.ann.gdd
1000100,494097.0582,5114741.396,-93.07649059,46.18622363,1718.51915,1628.162007,1643.525852,1641.1106810000001,1642.153063,1531.9376
1003400,483970.3014,5173669.424,-93.2097389,46.7163875,1610.660012,1714.773183,1730.953432,1735.959356,1732.643507,1618.706232
1007200,470459.1842,5164338.888,-93.38592232,46.63196075,1599.119742,1715.838168,1724.987423,1722.580517,1719.584116,1609.919697
1008900,462197.1965,5148324.396,-93.49254774,46.48742935,1529.138006,1573.119782,1588.261749,1583.663569,1583.816298,1481.27627
1009200,464357.0013,5143108.449,-93.46400876,46.44060712,1520.099149,1557.64763,1572.011521,1562.850965,1561.708297,1466.705736
1009600,464414.4068,5150836.52,-93.46385202,46.51015736,1550.136009,1610.464182,1624.559815,1622.515785,1620.365099,1515.38587
1010200,461899.8436,5165316.622,-93.49781873,46.64032757,1528.831364,1585.098841,1595.990032,1596.699907,1591.170569,1488.911148
1010400,458297.0716,5163659.077,-93.54474098,46.62519693,1604.868496,1727.236824,1737.933376,1736.237002,1735.575177,1631.397504
1010500,461988.9966,5164146.343,-93.49655756,46.62980129,1630.941744,1746.928829,1765.829683,1764.527104,1765.567043,1652.358872
1015700,440638.8309,5133864.451,-93.77158104,46.35575192,1551.044959,1551.910786,1566.456673,1567.915031,1561.256641,1456.328543
1015900,440683.782,5141227.325,-93.77193035,46.42201372,1549.935394,1603.462808,1616.409379,1618.152238,1612.487345,1507.067341
1018800,442659.2341,5166528.793,-93.74934995,46.64986541,1513.30197,1615.277599,1626.528601,1619.18712,1618.577352,1524.140024
1020400,438034.8405,5131543.537,-93.80511788,46.33463285,1555.883457,1556.520426,1575.2034,1583.457328,1575.904947,1467.413418
2000400,495368.9805,5003213.13,-93.05894518,45.18238548,1855.70541,1918.453501,1955.268781,1914.736457,1938.454202,1811.722968
2000600,494460.8242,5001105.981,-93.0704811,45.16341112,1954.509856,2030.384533,2065.920478,2037.483564,2056.580963,1923.356875
2000900,492229.7453,4999887.982,-93.0988506,45.15242605,1964.698094,2058.665843,2100.137994,2056.425041,2083.034462,1947.753848
2001600,496619.9032,5011821.59,-93.0430815,45.25988228,1834.509447,1920.213485,1958.270915,1915.228917,1939.284931,1812.975242
2002600,491522.891,5022022.941,-93.10822069,45.35166602,1904.66129,1913.475687,1949.384248,1920.167694,1935.397709,1807.859938
2004200,486945.324,5016905.783,-93.16652372,45.30553427,1777.911542,1767.778133,1807.202509,1766.52839,1780.943687,1664.379072
2005300,482559.9597,5011560.083,-93.22227451,45.25732016,1748.445862,1816.393736,1853.790371,1817.682735,1833.758471,1705.34527
2008400,473061.835,5006368.734,-93.34304572,45.21029104,1931.492857,1976.496477,2006.390959,1978.434026,1992.774255,1864.243931
2009100,473692.683,5022636.811,-93.33587526,45.35674912,1759.889125,1726.711569,1757.570993,1730.10309,1738.349413,1618.384613
3001000,327229.8412,5201583.145,-95.27024892,46.94526301,1458.690532,1496.290774,1502.757209,1520.828832,1513.626668,1394.940367
3003000,327775.1165,5215532.625,-95.26839627,47.07083444,1419.681134,1475.258357,1484.527284,1508.172926,1498.822311,1377.205546
3009600,322503.4943,5216279.375,-95.33806492,47.07615281,1373.279433,1380.047938,1379.396431,1394.739978,1384.707127,1285.113614
3010200,313777.5079,5202079.708,-95.44706092,46.94608733,1485.399369,1545.862622,1544.82499,1564.904951,1555.427028,1440.100594
3020000,298414.3905,5199244.742,-95.64747105,46.91611241,1493.11276,1581.716173,1581.581707,1601.64487,1597.926687,1475.228885
3024101,296242.9178,5197828.385,-95.67532382,46.9027179,1425.807408,1449.798845,1440.393609,1454.780352,1453.068724,1338.271582
3024102,296543.155,5201305.688,-95.6729412,46.93406772,1425.807408,1449.798845,1440.393609,1454.780352,1453.068724,1338.271582
3024200,298107.1178,5205752.9,-95.65439444,46.97452214,1387.225347,1390.981592,1386.418513,1401.009524,1392.865376,1287.642792
3036600,284116.8788,5182282.733,-95.82700329,46.7591635,1542.521486,1555.511114,1551.352368,1564.315651,1562.946109,1448.827633
3040000,280140.3082,5191411.143,-95.8833933,46.83990926,1657.804106,1655.628441,1648.329428,1660.54903,1667.402319,1544.160064
3048900,275699.0777,5181987.08,-95.9369453,46.75373175,1585.696288,1566.809429,1558.44597,1569.286019,1575.922175,1457.846766
4003200,385138.8669,5268671.869,-94.52690228,47.5612984,1497.94855,1592.543719,1608.508133,1615.936938,1611.198737,1501.524207
4003400,386027.8351,5277152.948,-94.51729355,47.63773954,1450.107411,1535.556927,1553.559815,1558.430926,1542.186963,1440.657383
4019800,355105.7154,5283645.935,-94.93089252,47.68994727,1536.657657,1573.92145,1585.123931,1605.710571,1596.361254,1473.112903
5001300,409065.841,5064907.184,-94.16873649,45.73174306,1780.433682,1878.027767,1909.019539,1886.302488,1898.602746,1776.701088
6000100,252568.7582,5009559.924,-96.15015212,45.19606714,1966.639677,1982.403775,1979.655148,1964.716053,1979.96596,1850.498823
6000200,254132.2222,5027166.37,-96.13899794,45.3548609,1926.967698,1943.586233,1945.077641,1932.655114,1942.334512,1816.895242
7004400,435926.3612,4893233.802,-93.80173666,44.18950702,2017.327256,2046.107922,2073.051925,2031.635102,2059.160403,1921.020461
7004700,430489.1567,4898142.713,-93.87041415,44.23320001,2024.1369,2031.896425,2066.392656,2013.137076,2046.674215,1904.855392
7005300,434827.4838,4896424.197,-93.81588158,44.21813051,2070.374698,2086.412928,2117.025699,2070.65949,2099.475803,1963.362219
7005400,433248.5622,4895737.786,-93.83555834,44.21180842,1969.958399,1974.068045,2003.390328,1955.452406,1981.388226,1850.028706
7007900,417777.2175,4857511.654,-94.02325236,43.86611618,1945.207552,2057.564518,2079.53799,2037.805886,2051.056608,1914.777653
7009800,403711.9553,4884727.433,-94.20319688,44.10939919,2077.442394,2202.19665,2225.709542,2184.19948,2198.800644,2066.582914
8002600,371066.814,4888695.619,-94.61195575,44.14008857,1996.794576,2052.903444,2083.99579,2037.039607,2051.136154,1926.787834
8004500,361851.7715,4907456.409,-94.73205886,44.30723449,2045.665033,1990.025481,2012.109762,1965.761309,1992.252255,1863.497835
9004100,518606.6317,5143831.586,-92.7577428,46.44779979,1673.279216,1582.529278,1600.448097,1609.9765400000001,1601.110533,1491.191731
10000200,458766.2128,4964838.5,-93.52168161,44.83576415,1949.313349,2025.001469,2055.532092,2023.41931,2041.551437,1911.274695
10000600,458129.278,4969419.185,-93.53011783,44.87696132,1913.247754,2026.1639950000001,2057.245834,2027.62685,2040.160204,1912.75037
10000700,455808.8316,4969527.077,-93.55950465,44.87779239,1954.503531,2069.576014,2098.096183,2069.360301,2081.613274,1951.734293
10001100,450798.73,4969235.101,-93.62290566,44.87483577,1960.653676,2037.807655,2069.184466,2036.816944,2059.005501,1925.527222
10001200,455777.7334,4968803.557,-93.55983521,44.87127755,1945.276683,2018.883431,2046.680025,2014.846671,2032.524436,1901.786986
10001300,457234.7434,4966615.391,-93.54120634,44.85166917,1978.023845,2052.710002,2083.090231,2057.292274,2066.42435,1936.077098
10001800,448964.4579,4969387.824,-93.64614213,44.87608149,1894.249261,1975.129019,2002.965962,1973.44199,1984.070211,1860.104555
10001900,449417.4961,4965063.183,-93.63997539,44.83718515,1871.011767,1948.67051,1977.400785,1942.872711,1960.223236,1834.339926
10004200,442272.4131,4970141.587,-93.73094705,44.88235564,1880.471295,1973.712037,1996.234073,1967.408161,1978.779617,1852.610221
10004300,443758.2643,4968752.578,-93.71198046,44.86997144,1860.076248,1930.311696,1959.234429,1919.476156,1931.266879,1814.650994
10004401,445173.1132,4968516.596,-93.69404528,44.86795751,1879.986307,1935.442655,1961.689691,1930.645555,1943.82392,1823.369507
10004402,446245.3759,4968215.903,-93.68044075,44.8653325,1950.269331,2017.195143,2045.889812,2019.509387,2036.260893,1908.529983
10004500,447920.1069,4968362.151,-93.659258,44.86677329,1909.115648,1967.475935,1989.278496,1959.380147,1975.609571,1854.09925
10004600,447318.7177,4967151.333,-93.66674441,44.85582987,1911.345821,1965.041375,1988.604353,1955.209969,1971.937115,1851.188142
10004700,446838.2232,4967089.288,-93.67281872,44.85523571,1947.542487,2012.029604,2031.420089,1999.527818,2016.373398,1897.366945
10004800,446667.9857,4965550.873,-93.67481139,44.84137489,1894.292455,1950.205586,1970.683065,1942.489355,1952.946981,1835.899108
10005000,445592.5075,4966694.252,-93.68854108,44.85158582,1918.020951,1985.506228,2013.478383,1987.019816,1996.169297,1868.014062
10005100,443342.2151,4966526.643,-93.71699821,44.84990186,1950.319415,2008.163655,2033.913506,2003.437602,2015.020047,1894.77875
10005200,441004.181,4965322.65,-93.74644335,44.83887465,1865.379529,1940.218419,1967.486111,1928.309065,1949.056276,1823.494962
10005300,444817.34620000003,4964659.238,-93.69812895,44.83320807,1848.768998,1927.308804,1952.646948,1919.891665,1933.482382,1812.098586
10005600,446398.2862,4970816.85,-93.67878051,44.88875641,1886.826046,1963.940631,1990.019519,1958.493951,1971.445942,1849.576824
10005800,439049.5985,4952405.534,-93.76962514,44.72243745,1923.977585,1975.707267,2002.229736,1961.688393,1978.622014,1854.451235
10008400,436404.8982,4966513.274,-93.80477936,44.84919664,1961.41923,2022.203167,2047.198989,2018.251805,2030.241588,1908.326947
10008800,430824.8051,4962821.211,-93.8748831,44.81544445,1985.111832,2080.386998,2096.95621,2070.965473,2088.701756,1960.896357
10008900,433543.5849,4970792.067,-93.84154575,44.88744987,1952.251123,2090.338644,2128.747949,2089.359764,2095.650273,1975.170009
10009500,435332.1947,4975508.943,-93.81950183,44.93007182,1880.382957,1992.543171,2029.152283,1986.3006,1995.906248,1880.837367
10012100,426089.4332,4962103.69,-93.93466099,44.80851156,2008.214894,2118.66726,2141.8782,2111.686682,2126.889838,1998.860554
10021700,452122.0698,4964493.94,-93.60570511,44.83224762,2048.07343,2107.887209,2140.823165,2109.739001,2123.753834,1995.751492
10021800,452183.4779,4963730.543,-93.6048564,44.82537987,2026.994016,2091.409988,2115.695389,2080.85323,2103.081711,1970.102684
11005300,429152.8494,5185736.08,-93.92879781,46.82140057,1582.766385,1688.455772,1707.088023,1708.314277,1714.061559,1612.538358
11005900,424640.5596,5191221.724,-93.98885008,46.8702633,1534.217384,1644.177186,1665.328917,1671.002413,1664.025116,1572.641536
11006200,425872.1458,5200393.152,-93.97418615,46.95292262,1499.47139,1562.313213,1578.388517,1598.957196,1588.02609,1494.258259
11007300,429010.4092,5204897.821,-93.9336541,46.99379733,1519.91908,1605.710901,1618.265627,1621.537323,1616.588613,1521.499053
11010400,422938.2594,5203867.377,-94.01332739,46.9838471,1493.561427,1534.410349,1546.184737,1549.803395,1542.973693,1452.226036
11014700,409709.2635,5254913.136,-94.19754193,47.44140779,1487.390055,1580.35342,1595.906444,1600.102926,1593.112216,1492.606072
11016700,409424.6313,5199545.538,-94.19012645,46.9432538,1519.016604,1569.495738,1586.331404,1595.286699,1592.264164,1486.414831
11017400,406494.4613,5204100.535,-94.22955757,46.98382732,1528.819924,1581.506664,1596.608763,1603.989091,1598.431021,1497.036144
11019000,408541.7348,5213440.252,-94.2045319,47.06814016,1422.483238,1470.891001,1478.914045,1486.343953,1476.553224,1386.112983
11020000,403512.1215,5196249.297,-94.26709613,46.91276479,1534.460162,1581.581695,1595.759409,1608.69645,1600.311276,1498.805099
11021800,396864.3148,5153469.615,-94.3447741,46.52688914,1604.081339,1720.407405,1736.304856,1740.592378,1739.908838,1630.736563
11023400,397861.0263,5191770.613,-94.34028277,46.87162716,1523.656433,1610.851944,1623.252026,1633.211152,1627.808943,1527.055036
11023700,393886.1324,5191728.222,-94.3924166,46.8706233,1570.668954,1662.654295,1675.436644,1683.790262,1683.626683,1584.610619
11025000,397137.7355,5187141.989,-94.34872822,46.82987423,1528.044719,1624.930337,1638.785871,1649.081049,1643.48204,1541.536551
11027900,398004.8505,5195071.385,-94.33913495,46.90134458,1482.929443,1506.321487,1521.566556,1531.372065,1521.01677,1425.30796
11030700,393236.2656,5177062.135,-94.3975198,46.7385775,1494.785034,1560.530491,1568.217864,1576.803855,1567.042687,1469.741715
11038300,387835.5015,5196781.504,-94.47303078,46.91508928,1470.814319,1516.872655,1531.309571,1542.750132,1534.183346,1432.544487
11041100,383053.083,5186711.059,-94.53323215,46.82367299,1537.114792,1631.220889,1651.961164,1660.35971,1650.787325,1545.049342
11041200,382393.5287,5199484.23,-94.54517214,46.93846024,1446.567519,1503.410858,1513.907698,1526.405669,1516.838183,1412.008932
11048800,382854.0317,5238706.799,-94.54933313,47.29136088,1441.793331,1489.673483,1498.804191,1512.647241,1502.939316,1395.310941
13002700,513928.7285,5025024.402,-92.82209831,45.37859594,1802.740634,1825.659293,1865.732325,1833.666912,1845.064628,1724.322593
13002800,511252.3632,5025541.195,-92.8562697,45.38329588,1872.764403,1857.191226,1896.977444,1868.360851,1879.586837,1760.314005
13003201,513332.6664,5028194.395,-92.82962563,45.4071415,1825.165453,1855.03152,1898.324399,1863.441445,1874.464564,1750.172169
13003300,516167.516,5028935.007,-92.7933758,45.41374813,1921.314581,1949.597891,1994.161201,1960.190674,1975.626906,1850.895061
13005300,504118.6705,5018585.514,-92.94744871,45.32076356,1879.214588,1859.994256,1901.315413,1870.03583,1884.790025,1761.065969
13006800,497323.9996,5047449.589,-93.03430098,45.58058221,1724.65319,1754.518479,1783.565842,1764.476757,1772.097116,1659.049213
13007300,495823.6018,5048703.764,-93.05354381,45.59186364,1773.07962,1811.865668,1845.844012,1830.464302,1835.80371,1724.115013
14000400,257177.065,5211347.049,-96.19473726,47.0110548,1682.882735,1612.382342,1603.458998,1620.417195,1620.009925,1498.317049
15001000,331962.3582,5228594.724,-95.2181686,47.18936522,1409.226717,1454.791711,1459.256168,1478.350198,1469.164225,1347.609453
15005900,326860.2825,5251562.828,-95.29438262,47.39455059,1404.697837,1457.850215,1455.636533,1475.271665,1469.179054,1349.899452
15007900,325070.6003,5249583.522,-95.31729851,47.37627811,1432.979433,1512.331142,1518.180994,1534.686372,1523.220533,1403.839553
15014900,310451.7864,5285336.16,-95.52616802,47.69358968,1443.765609,1487.980666,1482.524494,1507.608825,1498.417501,1381.475986
16008900,706365.3277,5309369.013,-90.23853134,47.90442453,1109.684457,1190.309625,1189.059665,1198.374827,1188.921027,1117.256606
16036900,668409.1193,5290838.565,-90.75319474,47.74891515,1306.307702,1233.203188,1241.373715,1246.614682,1240.439909,1152.608967
16037300,670266.5941,5289495.245,-90.72895913,47.73635036,1326.107987,1218.105995,1220.921522,1227.973405,1218.639039,1136.37613
16038400,672949.5583,5299063.474,-90.68939282,47.82165736,1292.645534,1269.892816,1274.475538,1284.164636,1278.693392,1189.56676
16063900,652396.5611,5283897.15,-90.96910601,47.69048074,1332.394939,1303.062601,1316.971631,1316.083496,1305.406183,1211.916374
16064500,653497.7843,5287170.207,-90.95328807,47.71965115,1393.373308,1371.932865,1385.455508,1389.490426,1378.882222,1284.404134
17000300,343649.8708,4867941.671,-94.94841676,43.94799092,1859.464996,2011.724826,2032.178222,1981.431112,2011.215558,1881.522974
17006000,302969.2819,4861231.41,-95.45247957,43.87786487,1905.61455,2002.961722,2021.881389,1966.42751,2005.387622,1867.640308
18001800,432912.5249,5120578.576,-93.87010128,46.23547283,1649.844826,1693.312268,1707.80504,1709.389352,1703.748417,1596.634082
18002000,434185.1998,5128276.515,-93.85467314,46.30487035,1624.061421,1655.927034,1663.364731,1677.126905,1678.613569,1564.391738
18003400,434226.7928,5137763.416,-93.85546391,46.39024504,1542.193125,1582.862666,1600.037824,1598.340864,1596.580654,1491.549448
18003800,429742.1407,5138255.585,-93.91385912,46.39422268,1558.802892,1640.906568,1660.691441,1661.240268,1660.82511,1553.54788
18004400,430599.9309,5134093.648,-93.90208612,46.35685955,1593.177951,1651.697593,1669.600532,1668.204509,1668.048772,1558.277803
18005000,429600.3497,5133574.872,-93.91499943,46.35208805,1593.177951,1651.697593,1669.600532,1668.204509,1668.048772,1558.277803
18008800,428726.4569,5112685.585,-93.92319572,46.16401887,1610.27787,1695.630197,1709.486515,1710.691718,1711.762865,1602.422465
18009000,429052.0004,5147848.052,-93.92429319,46.48046824,1573.683335,1675.966493,1694.621947,1694.705679,1700.230252,1595.380107
18009600,420107.439,5129044.926,-94.03759028,46.3102723,1633.685604,1727.303106,1743.304206,1743.081197,1748.478555,1635.113465
18015500,396860.5498,5121111.765,-94.3376927,46.23575619,1712.662161,1825.897427,1843.351737,1843.802252,1848.779588,1728.004901
18017000,432442.3586,5165589.55,-93.88271535,46.64046157,1595.82226,1743.325962,1759.592676,1765.552646,1763.760532,1653.79315
18018000,436442.9433,5176574.657,-93.83196558,46.73970023,1617.971278,1756.089597,1782.178147,1772.337525,1776.569124,1672.663301
18018400,431354.0685,5168309.728,-93.89733808,46.66482771,1522.426313,1592.752501,1606.853617,1614.225409,1605.013328,1507.657572
18018500,430006.1245,5176629.105,-93.91622171,46.73954663,1623.38903,1729.792843,1746.215339,1751.477488,1747.314606,1645.110157
18020300,427718.5976,5175046.162,-93.94591232,46.72505974,1613.988072,1740.653114,1756.369343,1762.064259,1759.338634,1653.109278
18021200,427186.2071,5177734.199,-93.95330467,46.74918871,1528.146373,1620.570523,1634.313873,1642.06626,1631.33849,1533.453403
18024200,417711.3332,5156192.006,-94.07348974,46.55425747,1584.272054,1709.078425,1727.582587,1726.167473,1727.403723,1625.777464
18024300,415630.3528,5153837.506,-94.10020384,46.53281414,1587.39332,1729.2172189999999,1744.510274,1739.074651,1742.599795,1637.248858
18026600,418310.1492,5172750.725,-94.06860779,46.70332233,1542.807051,1617.284459,1635.83758,1648.274004,1649.958521,1542.619543
18026900,413376.0051,5173541.482,-94.1332891,46.70981624,1542.807051,1617.284459,1635.83758,1648.274004,1649.958521,1542.619543
18027100,416416.5685,5171244.969,-94.09310024,46.68954016,1542.807051,1617.284459,1635.83758,1648.274004,1649.958521,1542.619543
18028700,419324.466,5165666.804,-94.05410145,46.63970607,1622.12545,1750.998238,1766.543917,1767.457764,1768.440883,1660.252539
18031000,406667.6424,5171605.624,-94.22064137,46.6914962,1542.807051,1617.284459,1635.83758,1648.274004,1649.958521,1542.619543
18031200,413544.6229,5168506.174,-94.13013814,46.66453286,1542.807051,1617.284459,1635.83758,1648.274004,1649.958521,1542.619543
18031500,411377.8286,5174447.122,-94.15960009,46.71770276,1542.807051,1617.284459,1635.83758,1648.274004,1649.958521,1542.619543
18035400,409402.1046,5169843.269,-94.18454012,46.67601558,1542.807051,1617.284459,1635.83758,1648.274004,1649.958521,1542.619543
18035500,404105.3968,5168563.586,-94.25351028,46.6637643,1542.807051,1617.284459,1635.83758,1648.274004,1649.958521,1542.619543
18035600,405896.6554,5168926.827,-94.2301751,46.66728656,1542.807051,1617.284459,1635.83758,1648.274004,1649.958521,1542.619543
18036100,408079.8431,5167323.115,-94.20132198,46.6531607,1559.1474,1658.866261,1676.568132,1674.996014,1677.731645,1576.885758
18037300,401478.3842,5145709.807,-94.28298444,46.45776319,1622.799775,1712.977831,1731.664114,1733.12328,1732.273648,1624.518783
18037600,403693.6721,5157743.837,-94.25663674,46.56635777,1572.575011,1669.726357,1686.292056,1691.047732,1686.923045,1576.427521
18037700,403254.0578,5156211.881,-94.26205188,46.55251119,1574.692158,1674.762969,1692.621921,1695.454443,1693.044917,1589.12808
18037800,401702.74,5169204.288,-94.28504587,46.66918037,1542.807051,1617.284459,1635.83758,1648.274004,1649.958521,1542.619543
18037900,400900.5526,5134064.359,-94.2880384,46.35289954,1580.058041,1683.415897,1700.542062,1699.857584,1702.626642,1586.347431
18038600,400979.9976,5136507.154,-94.2875224,46.3748902,1444.894943,1499.215348,1510.950861,1503.674988,1502.933595,1404.001852
18040300,401033.4555,5154735.225,-94.29069728,46.53890221,1574.692158,1674.762969,1692.621921,1695.454443,1693.044917,1589.12808
19002500,480060.3091,4952596.85,-93.25179752,44.72647542,1969.850772,2055.768984,2089.400169,2049.499976,2071.689703,1937.557178
19002700,478881.7585,4952116.996,-93.2666602,44.72212186,1854.070886,1916.819041,1949.02918,1912.054384,1928.081837,1802.867126
19003100,475483.6171,4949787.6,-93.30945621,44.70104381,1857.071948,1918.690588,1947.534802,1912.5201,1926.888356,1803.645698
19005000,492277.0994,4969128.431,-93.09777587,44.87553242,1956.60566,2043.632607,2075.266467,2042.076925,2066.58663,1930.244214
19005700,487029.5739,4963190.544,-93.1640602,44.82200259,2001.252633,2050.318463,2079.671094,2044.64975,2069.351126,1936.057401
19005900,485624.2613,4962887.159,-93.18182704,44.81924455,2006.892993,2064.140622,2097.061429,2063.703709,2080.70685,1954.316746
19006700,486424.05,4960026.729,-93.17163483,44.79351007,2021.672316,2088.283243,2128.015214,2090.73814,2106.47479,1973.986326
19007200,488700.4561,4958560.615,-93.14282277,44.78035139,1961.329918,2025.425387,2068.649057,2017.481609,2039.979751,1909.393553
19007500,489816.4206,4959014.433,-93.12872643,44.78445354,1985.341907,2039.555695,2074.253619,2039.380325,2061.118853,1924.686402
19007600,489828.5119,4959429.509,-93.12858189,44.78819033,2000.248744,2057.058695,2087.47519,2054.379668,2072.343767,1939.936038
21005200,319448.2347,5085481.879,-95.32753287,45.89919642,1594.973722,1642.756774,1656.993003,1641.779893,1649.61892,1535.544408
21005400,318736.5117,5082842.145,-95.33570444,45.87527002,1687.042605,1744.923848,1762.203551,1747.339565,1754.190741,1637.372017
21005600,317887.6703,5088803.493,-95.34889399,45.928656,1596.844232,1643.283909,1655.160227,1642.379565,1649.285574,1534.803701
21013600,308344.7202,5099831.598,-95.47628518,46.02522522,1695.681003,1714.520803,1725.449402,1717.823114,1727.550994,1601.640446
21032300,292646.5587,5090806.243,-95.67498426,45.9395099,1773.286482,1834.891024,1843.947331,1820.509864,1838.73114,1714.854248
22002300,435218.7902,4836599.332,-93.80369273,43.67958036,2028.610687,2074.721543,2099.529396,2057.216084,2076.475821,1945.612044
22007400,413207.5862,4852371.912,-94.0792766,43.8193241,2027.114011,2093.626886,2122.856595,2083.717734,2099.991908,1976.966739
24001400,474747.9541,4830854.397,-93.31302759,43.63024949,1905.778645,1962.579238,1995.672986,1955.148804,1968.759939,1847.60953
24002500,467122.2397,4830865.651,-93.40755553,43.6300529,1927.679335,2045.531921,2072.09683,2029.854257,2046.39662,1913.839935
24002800,459546.8393,4821721,-93.50077453,43.54734281,1967.1288,2079.92663,2109.61596,2058.362263,2077.130663,1942.858372
24004400,454410.7188,4843590.554,-93.56619877,43.74395206,2010.935807,2086.525727,1931.372732,2077.512014,2096.602111,1961.8765759999999
27001400,479718.8188,4976527.898,-93.25706576,44.94189549,2007.371764,2094.566305,2136.321099,2101.483216,2127.27225,1985.926083
27001600,475926.2825,4974312.964,-93.3050303,44.92183855,1900.196834,1994.347768,2029.780916,1995.85538,2020.902686,1882.930749
27001800,481364.3643,4974205.996,-93.23612285,44.92103887,1970.349986,2057.515658,2086.843563,2054.1497210000002,2078.197376,1943.288097
27001900,480883.9376,4972829.157,-93.24215798,44.90863184,1997.253616,2085.053842,2117.25127,2087.587585,2116.068082,1974.781907
27002200,478733.0637,4971920.242,-93.26936627,44.90038879,1929.366146,2042.871176,2079.796983,2031.389134,2057.328181,1923.320695
27002900,472554.9237,4968393.863,-93.34742598,44.86843315,2134.868468,2218.732166,2254.731422,2221.194083,2236.392035,2098.790595
27003100,475395.1173,4976539.934,-93.3118689,44.94186734,1888.743312,1974.209289,2006.160892,1977.439634,1991.30275,1860.06432
27003501,473325.2551,4982263.415,-93.33840694,44.99331443,1993.47325,2084.188908,2115.949933,2081.690544,2099.598821,1968.541895
27003502,473511.8638,4982112.826,-93.33603166,44.99196585,1913.314229,1991.422111,2021.430653,1989.860168,2006.015136,1875.260312
27003700,474491.7917,4980985.527,-93.32354329,44.98185403,1926.636474,2008.131337,2035.27098,2004.455256,2019.856305,1888.148877
27003900,474634.7607,4978543.587,-93.32160704,44.95987722,1940.610345,2027.118049,2062.352525,2028.544794,2044.504938,1912.28836
27004700,469736.6942,4964913.818,-93.38289342,44.83699183,1941.177037,1986.163413,2017.744787,1989.413858,2000.130213,1873.131196
27004800,470886.7537,4963220.205,-93.36824601,44.82179376,1978.035735,2026.527477,2058.238282,2017.955927,2032.944871,1904.899134
27006100,469048.0028,5003325.429,-93.3939699,45.18273207,1968.83936,2050.336412,2078.160493,2047.761975,2065.754096,1929.551625
27006900,461179.8475,4969570.841,-93.49150821,44.87849924,1902.672593,2037.152294,2069.146385,2034.711945,2041.796071,1911.157631
27007000,460770.4842,4967261.896,-93.49651231,44.85769217,2004.3226,2059.671425,2088.196581,2059.115517,2073.146262,1942.879697
27007100,461076.5578,4968472.695,-93.49273157,44.86860832,2000.39145,2052.046775,2079.427538,2049.558563,2067.890757,1936.760632
27007600,462432.439,4966108.018,-93.47539289,44.84739464,2016.2772,2079.877965,2108.403153,2079.463414,2091.657217,1960.399156
27007800,464051.5632,4964993.522,-93.45482565,44.83744551,2067.807035,2143.666277,2169.47801,2146.229631,2163.623096,2023.526276
27009800,465885.2662,4989149.605,-93.43325864,45.0549827,1932.080842,2061.260786,2091.344714,2061.889674,2077.847317,1944.63731
27010200,465898.2701,4987509.229,-93.43298209,45.04021733,1921.010219,2043.997942,2073.47638,2038.805664,2061.02559,1926.639308
27010400,466900.027,4983747.102,-93.42001565,45.0063995,1894.288384,2024.904766,2055.695888,2029.611212,2043.383543,1912.120518
27011101,467476.214,4991303.386,-93.41319372,45.07444502,1922.580449,1991.548484,2026.878104,1997.710696,2012.96531,1883.666408
27011102,466995.1951,4990376.854,-93.41924361,45.0660825,1957.737171,2026.209116,2061.324154,2030.992939,2046.796876,1914.94976
27011700,460555.5178,4995288.768,-93.50142744,45.10996725,1832.538382,1913.241141,1945.346581,1912.412475,1927.765281,1800.16855
27011800,463526.1034,4993273.079,-93.46351912,45.09198263,1936.736565,2013.368608,2046.105749,2017.498574,2030.907144,1903.801873
27011900,465291.521,4992369.64,-93.44102186,45.08393915,2035.772747,2154.212323,2182.553573,2162.085312,2173.956379,2038.535877
27013301,461073.933,4977962.432,-93.49349529,44.95403226,1844.111015,1958.601438,1983.451627,1958.087864,1973.554213,1842.135156
27013303,458150.0187,4974879.752,-93.53030694,44.92611691,1844.111015,1958.601438,1983.451627,1958.087864,1973.554213,1842.135156
27013304,456389.7931,4972800.373,-93.55243145,44.90729334,1844.111015,1958.601438,1983.451627,1958.087864,1973.554213,1842.135156
27013600,457807.3325,4971438.802,-93.53436204,44.89512235,2082.167574,2201.967577,2237.244073,2206.161439,2221.52895,2074.892838
27014100,455672.4016,4978808.145,-93.56204583,44.96132857,1986.027706,2101.668607,2130.806684,2098.675107,2115.945382,1985.622634
27015700,454890.1517,4983713.633,-93.57240302,45.0054361,1966.543703,2111.695982,2142.267855,2114.057748,2132.70156,1994.105662
27016000,456036.4519,4981877.481,-93.55769785,44.98897994,1929.371581,2043.622345,2078.689162,2044.569514,2056.134123,1931.923896
27017600,448815.4909,4986499.159,-93.6497638,45.03009717,1823.3725,1950.958494,1976.022739,1950.13147,1958.067528,1838.2769
27018100,446298.9464,4976966.187,-93.6806916,44.94410172,1914.424068,1998.497741,2021.311561,1988.995954,2000.952792,1882.977052
27018200,446751.4773,4975741.181,-93.67482673,44.93310899,1958.50636,2054.043803,2085.640627,2047.944708,2065.728173,1945.355613
27018600,441467.0802,4971497.597,-93.7413001,44.89449585,2008.840799,2141.54819,2172.662346,2138.648,2141.890104,2026.484182
27018800,442915.8451,4987214.079,-93.72473262,45.03608164,1887.876597,2054.939626,2078.573923,2044.512574,2055.532616,1936.729985
27019101,445668.572,4990708.434,-93.69016518,45.06775142,1848.416634,1975.09029,2001.631512,1968.160117,1981.497891,1860.050759
27019102,447556.8013,4989703.924,-93.66607589,45.05885204,1848.416634,1975.09029,2001.631512,1968.160117,1981.497891,1860.050759
27019200,441575.5256,4990431.648,-93.74212217,45.06493403,1874.698924,2002.003704,2030.82498,1998.480469,2010.34959,1891.366817
27068300,480274.036,4971094.337,-93.24981637,44.89299835,1990.651652,2078.276116,2110.855254,2081.394621,2108.029351,1974.468599
27071100,469335.8538,4979676.276,-93.38885959,44.96986448,1894.941427,2031.589153,2066.374003,2024.557401,2034.463215,1906.460011
27073400,466418.1019,4979524.679,-93.42584925,44.96836787,1861.883079,1993.369443,2034.939236,1983.370846,2004.48003,1872.318801
29002500,365394.731,5204181.422,-94.76980163,46.97747805,1512.336142,1619.415183,1638.112969,1648.932295,1640.803157,1534.853842
29004500,366550.0103,5205435.954,-94.75498859,46.98899574,1476.139033,1558.871216,1570.700951,1585.26896,1575.895789,1469.446653
29007500,366686.8893,5224841.821,-94.75892535,47.16356766,1408.999773,1505.227793,1523.75229,1533.135935,1523.588323,1421.327948
29009300,358083.3179,5198956.483,-94.86424873,46.92895876,1503.4315,1581.230898,1591.445943,1604.101828,1595.557034,1485.999331
29010103,357213.3235,5210928.864,-94.8794421,47.03645118,1384.316608,1465.520852,1471.515853,1488.071402,1476.607218,1368.619511
29013000,360455.1879,5224657.8,-94.84104627,47.16062098,1451.460861,1510.982311,1516.996948,1538.789569,1529.384607,1414.810941
29015700,345319.7333,5185858.651,-95.02736886,46.80831366,1486.695985,1524.137343,1531.044796,1535.081456,1527.985616,1426.144739
29016100,347737.15870000003,5194997.873,-94.99875189,46.89106421,1453.842016,1563.43177,1581.895892,1596.272116,1587.06053,1475.68473
29021700,348823.5182,5228178.639,-94.99560008,47.18971567,1387.056971,1440.03058,1446.478232,1458.438728,1448.719168,1346.621358
29024100,349713.6153,5245479.257,-94.98968176,47.34550283,1435.362541,1559.767425,1569.344303,1587.569711,1581.234029,1461.180439
29025000,338695.4017,5203542.845,-95.12039383,46.96577351,1562.214094,1656.475669,1667.184981,1679.591103,1675.588288,1558.507272
29030900,336301.737,5244849.983,-95.16688834,47.33662567,1436.932833,1508.211283,1520.425045,1536.694494,1537.249987,1411.769501
30000900,493232.0582,5028964.684,-93.08649634,45.41416939,1932.628367,2038.368764,2084.672876,2033.511276,2069.324056,1942.335771
30002200,488125.7097,5046730.016,-93.15218693,45.5740091,1809.496913,1791.370608,1825.095037,1807.069287,1813.669844,1696.601024
30004300,485448.7306,5044651.955,-93.1864344,45.55525364,1720.193455,1699.125396,1726.830584,1705.799736,1711.723933,1597.842191
30004400,481799.8202,5053622.779,-93.23351944,45.635913360000004,1875.186287,1937.788212,1963.654325,1943.050904,1955.783158,1839.47034
30007200,473012.8948,5035701.332,-93.34527009,45.4743184,1946.72527,1975.054343,2013.83638,1975.007171,1998.366458,1873.409434
30008000,474179.1928,5039191.81,-93.33053257,45.50578033,1953.238347,2025.557698,2064.604308,2025.181738,2052.355995,1926.926152
30008300,476291.0688,5044683.191,-93.303764760000007,45.55528306,1689.731049,1614.026877,1640.029909,1611.693592,1622.74518,1521.357284
30011400,462025.5171,5038711.519,-93.48607003,45.50090121,1902.670321,1922.324573,1959.037142,1931.683125,1948.312274,1818.95743
30013800,463352.1049,5054196.138,-93.470252060000007,45.64034494,1851.530406,1847.556613,1878.051481,1861.389156,1870.560318,1749.073232
30014300,464501.5541,5055854.436,-93.45562423,45.6553304,1886.412729,1896.015812,1923.569686,1903.043736,1915.574163,1793.545225
31019000,476043.1676,5239325.143,-93.3169353,47.30696056,1457.753901,1544.429969,1554.570241,1563.320358,1549.861823,1455.211726
31019100,475734.9307,5238414.911,-93.32096346,47.29875881,1457.753901,1544.429969,1554.570241,1563.320358,1549.861823,1455.211726
31037000,459656.0002,5233546.116,-93.53319783,47.25415674,1497.518414,1600.270374,1615.170421,1623.268631,1612.089533,1515.662671
31037200,460063.4624,5232616.422,-93.52772982,47.2458163,1490.603493,1568.124169,1584.192893,1595.229925,1584.68584,1487.221864
31037300,458525.5407,5232579.362,-93.54804787,47.24538744,1470.707515,1543.99484,1561.017251,1567.822633,1556.0599,1458.596877
31055400,449140.6203,5222846.492,-93.67094822,47.15715254,1410.264543,1512.323364,1530.280868,1537.095974,1516.830303,1430.237182
31057600,450645.7713,5240809.853,-93.65307635,47.31889792,1428.06178,1535.568941,1559.652575,1557.828125,1562.9818,1451.721125
31082400,427002.9179,5270350.243,-93.97076898,47.58245646,1445.017543,1540.137834,1554.484814,1558.497183,1559.266464,1444.456728
31082600,424231.5259,5274125.994,-94.00827169,47.6161069,1445.017543,1540.137834,1554.484814,1558.497183,1559.266464,1444.456728
31092100,403240.0646,5272901.907,-94.28727567,47.60230072,1521.189956,1599.46742,1607.622466,1618.240552,1607.484348,1501.636803
31092800,397044.2697,5260943.002,-94.36687962,47.49377194,1525.6795,1655.518958,1675.948176,1676.433441,1670.544757,1559.164927
31093400,394654.1683,5277474.805,-94.40256698,47.64209584,1441.00753,1536.633093,1553.688558,1555.622936,1544.465979,1447.00137
32002000,330437.9296,4822561.825,-95.09863826,43.53674561,1888.246992,1935.134021,1952.797004,1905.417244,1939.051216,1804.34076
32004500,322845.3594,4845812.801,-95.20016801,43.74418215,1901.859889,2006.481013,2030.980591,1967.232113,2005.515024,1870.835846
32005300,322421.8307,4850450.315,-95.20695836,43.78580542,1912.23905,2060.986037,2080.600533,2018.139996,2055.257713,1921.504
32005702,318573.5347,4846494.339,-95.25341197,43.74928062,1914.158677,1972.734911,1991.504274,1939.968825,1981.216532,1840.553396
33000100,493455.6079,5109486.656,-93.08472989,46.1389247,1748.68781,1742.536442,1759.909721,1745.190633,1758.389268,1634.860119
33000900,485891.8121,5095686.201,-93.18224823,46.01460362,1653.674861,1597.834802,1609.877969,1598.52569,1607.228732,1494.345916
33001500,486364.1991,5082708.805,-93.17577632,45.89781181,1741.916041,1805.227105,1832.341724,1812.519093,1832.393866,1705.158272
33002800,476827.2225,5091724.46,-93.29915023,45.97870035,1754.529443,1754.715808,1771.23737,1761.955539,1771.111703,1653.092955
33003200,471588.5988,5066096.801,-93.36526359,45.74784473,1827.057799,1739.367451,1764.673307,1751.420689,1763.305327,1650.475542
33003600,475123.2219,5075249.995,-93.32029393,45.83036463,1744.249808,1735.189863,1759.151749,1735.590297,1749.846595,1639.410011
33004000,468170.6092,5084680.848,-93.41043261,45.9149593,1688.474116,1755.921768,1782.783855,1765.727989,1778.090669,1664.331539
34003200,359420.3805,4993686.854,-94.78623021,45.08267728,1834.358727,1999.137536,2009.47896,1979.74345,1990.907254,1870.610587
34006200,356269.3698,5014908.33,-94.8323628,45.27297489,1666.933838,1818.028529,1834.762345,1797.682328,1808.760372,1689.746268
34007600,353179.2346,4993604.079,-94.86546588,45.08066499,1795.165383,1976.809997,1992.988184,1954.652159,1965.028021,1851.50521
34011500,344790.422,5009877.457,-94.97704753,45.2252754,1730.552886,1875.95784,1893.304765,1853.286489,1873.63459,1742.716305
34011600,343572.316,5010503.949,-94.99275129,45.2306418,1759.261903,1874.243785,1886.419121,1854.458864,1878.273865,1749.377348
34011700,343655.7922,5009573.065,-94.99139598,45.222286,1732.208909,1876.769604,1892.009288,1860.376956,1875.557576,1744.207641
34011900,347375.7174,5008251.812,-94.94363692,45.21121565,1702.110086,1801.643566,1814.587924,1783.208448,1803.684271,1672.793013
34018600,340668.6108,5002489.357,-95.0271565,45.15789153,1851.251806,2006.072655,2025.391498,1979.949802,2005.552365,1869.782597
34019200,340163.6761,5007526.113,-95.03519094,45.20308779,1777.380185,1895.421043,1912.116039,1876.205087,1895.777795,1764.959061
34019600,340511.7303,5003815.869,-95.02957506,45.16978941,1855.821658,2009.892135,2022.5013960000001,1996.901673,2012.499387,1875.985677
34020400,337838.7254,5011143.133,-95.06595379,45.23509427,1746.777815,1822.503741,1836.535246,1803.924824,1821.220157,1695.327831
34020600,339783.6144,5019417.286,-95.04386259,45.30997204,1755.411032,1908.821308,1918.610526,1885.245483,1907.393141,1782.317626
34020800,337301.6185,5019501.14,-95.07553196,45.3101555,1819.666318,2006.97457,2019.658276,1990.222909,2007.962022,1877.843741
34021700,338585.3168,5013040.328,-95.05706438,45.25233255,1740.826802,1882.947205,1889.317937,1862.10471,1881.907021,1757.706482
34022400,335557.2878,5022013.706,-95.09860396,45.33235054,1734.321772,1814.770878,1823.585995,1800.884149,1821.712982,1689.033906
34024500,333118.2222,5005479.628,-95.12415468,45.1830454,1855.284439,2015.265991,2034.164639,1996.714775,2017.546935,1881.966057
34024600,334980.1001,5004891.79,-95.10027732,45.17819566,1833.868144,1983.902811,1997.519784,1964.153163,1985.154771,1851.683851
34028300,331527.1545,5001887.935,-95.14318,45.15035849,1809.872082,1946.543634,1961.692837,1918.479993,1938.040047,1812.596464
38026000,637560.5355,5271908.94,-91.1704754,47.58599732,1412.635756,1158.179169,1182.015423,1179.048623,1168.827734,1078.238257
38039300,629792.7656,5275713.149,-91.27260888,47.62181227,1292.760958,1304.201938,1326.262681,1325.166429,1326.821669,1228.190523
38040600,628590.6963,5245011.233,-91.2975473,47.34591891,1474.143218,1236.672369,1253.305028,1256.29494,1248.983888,1157.182688
38053900,613954.9401,5254711.015,-91.48874836,47.43588253,1214.914398,1156.95719,1169.108435,1161.096503,1157.844447,1079.940987
38065600,602947.4552,5263705.476,-91.63258487,47.51862281,1329.249188,1368.142998,1377.983917,1379.65591,1378.877008,1292.498305
38066400,602690.8698,5284619.213,-91.63109043,47.70678737,1280.796494,1302.302967,1309.925955,1310.508097,1306.782701,1219.163108
38068600,609012.7341,5277133.822,-91.54871299,47.6384216,1385.219744,1510.716067,1524.509174,1525.826537,1523.869978,1430.218698
38074400,594384.5494,5226696.487,-91.75415533,47.18698728,1369.442938,1174.835461,1191.20574,1187.689774,1175.962214,1095.102503
40000200,456956.1441,4897204.745,-93.53893673,44.2268002,1956.660444,2034.001808,2068.335035,2020.229294,2041.442303,1909.519201
40003100,451494.0362,4897656.66,-93.60736407,44.23052552,1923.721501,1992.220563,2024.921326,1981.392385,2003.921884,1868.453171
40003300,448915.3369,4912955.992,-93.64114826,44.36808112,1894.024779,1908.739727,1945.422994,1898.127241,1925.094098,1785.526472
40005100,446861.8396,4897534.563,-93.66534971,44.22910325,1906.770786,1901.689636,1936.814765,1889.098309,1915.114056,1778.662756
40006300,442012.6682,4902673.112,-93.72663155,44.2749927,1989.784453,2044.650446,2076.420125,2034.880385,2060.010424,1924.621562
40009201,439258.8941,4902672.794,-93.76113574,44.27476513,1852.709159,1870.472479,1898.284081,1848.265077,1869.142679,1741.822869
40009202,434161.9817,4902634.203,-93.82499304,44.27397434,2039.041695,2078.786217,2107.872694,2066.35407,2093.506955,1958.481377
40010400,434928.8365,4904298.126,-93.81559203,44.28902222,1861.668474,1888.143665,1915.740713,1867.78883,1886.927011,1761.292169
40011700,430413.1383,4900376.834,-93.87166288,44.25330449,1991.950153,2036.322615,2062.415205,2025.048137,2046.904003,1913.017109
40012400,426829.2869,4906709.285,-93.9174363,44.30995729,1977.836567,2014.106609,2039.036826,1998.918087,2026.515451,1891.78354
41002101,253265.9569,4916765.493,-96.09634051,44.36218967,1830.693489,1908.426147,1926.347563,1878.400518,1916.386796,1783.306685
41003400,247511.7916,4920178.964,-96.17009949,44.39089456,1722.309515,1836.768238,1851.418092,1796.497569,1838.733511,1706.532717
41004300,241464.6749,4909381.575,-96.2405481,44.29171072,1754.794933,1763.262848,1774.013127,1729.107265,1768.230908,1637.904666
41008900,232570.0368,4922309.079,-96.35848456,44.4046815,1767.077503,1805.256786,1816.90821,1776.642304,1818.866142,1683.701966
43009800,385658.1651,4961639.42,-94.44570999,44.79900549,1956.747285,2030.971749,2059.216314,2018.272528,2033.563533,1907.360899
44001400,299802.1232,5234429.728,-95.64487904,47.23281372,1465.133418,1508.752464,1510.957978,1529.364262,1523.192111,1405.160871
45000100,286472.812,5374824.545,-95.89010101,48.49023509,1438.67726,1428.994213,1414.791468,1445.878142,1431.921821,1337.279744
46002400,381613.0899,4835394.751,-94.46830817,43.66212868,2029.527434,2136.907484,2164.590793,2119.348704,2145.147509,2019.312825
46002500,381488.8933,4834149.727,-94.46957465,43.65090232,2004.196783,2088.654292,2117.469534,2071.869879,2098.10007,1970.839693
46003000,381702.7238,4832944.864,-94.46666,43.64009126,1997.760179,2084.673904,2111.655738,2072.330742,2094.54823,1970.849382
46003100,381504.7219,4831004.322,-94.46868855,43.62259267,2002.91439,2086.031698,2115.12313,2068.140951,2090.21831,1969.088669
46003400,381093.7568,4829307.407,-94.47340754,43.60725297,2057.608975,2131.590735,2157.94899,2117.242897,2141.624823,2013.444716
46010900,363100.15870000003,4837403.671,-94.69833427,43.67702985,1936.011621,2005.516718,2032.121654,1983.416825,2007.546159,1880.367932
47002600,397866.2809,4995498.84,-94.29824835,45.10557959,1875.59501,1919.41912,1937.365986,1911.551354,1921.684437,1800.687101
47003200,397975.2524,4993364.933,-94.29642887,45.0863913,1928.860488,1981.484831,2001.253198,1969.135546,1982.872221,1861.570649
47004600,391692.6105,4991589.911,-94.37585655,45.06948349,1872.198812,1962.937538,1983.936097,1949.097821,1961.764062,1841.080119
47004901,387490.0177,4981829.497,-94.42704249,44.98099313,2465.421539,2367.021449,2516.447308,2559.756404,2449.30951,2421.860433
47005000,386200.9021,4990291.544,-94.44530294,45.05693791,1816.506289,1887.071951,1905.137902,1877.824223,1887.940984,1768.119559
47006400,388068.5447,4985112.44,-94.42043671,45.01062832,1863.85001,1944.801646,1965.240964,1933.650548,1942.87126,1819.58114
47009500,386631.837,5014501.227,-94.44533141,45.27486529,1868.990662,1980.808856,1998.727788,1970.90749,1979.889461,1850.951345
47013800,376468.983,4993804.625,-94.56972368,45.08691932,1771.382184,1875.074293,1894.659133,1861.135113,1868.041969,1755.108825
47017700,368685.5883,4996004.87,-94.66916424,45.10531503,1881.693408,2015.04729,2038.841833,2003.232123,2016.959498,1891.469804
47018300,370021.685,4993414.21,-94.65151577,45.0822511,1888.314532,2078.827545,2094.925058,2063.152739,2066.672142,1945.385543
48000200,450184.7693,5121183.206,-93.6461671,46.24239952,1632.862617,1675.154059,1684.004448,1683.680973,1692.770163,1584.419302
48001200,444369.8722,5106296.166,-93.71983774,46.10797461,1627.086785,1694.455715,1709.967141,1702.412978,1709.112869,1593.990124
48001400,440235.6818,5110611.134,-93.77387181,46.14645701,1539.843699,1562.990915,1577.021884,1566.387725,1569.442283,1470.914959
49001600,427286.0121,5109597.31,-93.94137711,46.13607563,1610.27787,1695.630197,1709.486515,1710.691718,1711.762865,1602.422465
49014000,372932.1521,5074678.899,-94.63555172,45.81396629,1621.103739,1694.602968,1713.226957,1695.387337,1703.187892,1589.755724
51001800,293475.8214,4883690.943,-95.57926687,44.07727971,1892.447636,2045.608418,2052.909171,1999.978765,2043.150835,1901.505015
51002100,291105.347,4859036.975,-95.59914798,43.85486383,1826.463397,1866.613406,1884.988784,1835.912718,1870.846673,1737.822605
51002400,286296.2514,4869764.462,-95.66322224,43.94997014,1886.125654,1998.197563,2007.727886,1957.930496,1998.779191,1858.574926
51006300,278703.832,4892734.895,-95.76734352,44.15429852,1883.640932,1996.664852,2015.554732,1967.093008,2008.61001,1872.108711
51008200,264417.8409,4894357.579,-95.94649172,44.16442371,1842.689997,1881.963769,1896.940293,1846.338284,1883.476612,1748.65982
56038300,288040.9302,5150577.124,-95.76114355,46.47542385,1601.173836,1571.908366,1571.273528,1582.392056,1582.935823,1460.638543
58000700,544630.3255,5100010.75,-92.42307818,46.05221508,1768.783146,1538.989214,1556.084927,1546.261494,1546.526221,1435.302913
58002400,538305.577,5102157.433,-92.50466006,46.07191847,1686.610817,1507.923093,1531.75607,1521.201355,1526.392045,1412.475371
58002900,543222.6926,5102524.139,-92.44104506,46.07492552,1952.310145,1719.008879,1740.210618,1729.696586,1739.095672,1615.903606
58004800,531169.5162,5137166.212,-92.59462291,46.38735161,1601.641051,1566.79851,1583.814352,1574.790789,1578.194027,1465.855187
58005800,516257.8345,5129483.222,-92.78882226,46.31872983,1727.201265,1634.929431,1659.783026,1653.039046,1659.738775,1548.36415
58006200,519178.3673,5139222.266,-92.75048825,46.40630182,1620.160745,1518.019003,1534.2224,1540.169191,1535.665748,1424.32481
58006700,518683.0705,5136156.703,-92.75705448,46.37872672,1527.601154,1461.393253,1485.379575,1480.191981,1479.583292,1371.984811
58008100,517185.959,5140120.847,-92.77637634,46.41444233,1555.902248,1443.811204,1463.023089,1466.264035,1458.3076,1352.1983970000001
58011900,504340.4653,5077660.977,-92.94409341,45.85250013,1736.164077,1786.08988,1812.846682,1800.998176,1810.543654,1693.478205
58013000,499035.5942,5114971.194,-93.01249729,46.18831673,1721.985398,1650.048182,1663.401065,1664.028914,1663.634133,1551.277708
58013800,496338.0632,5117197.223,-93.04747059,46.20834188,1724.295039,1641.241095,1656.448388,1654.762847,1658.167741,1547.489907
60003200,299423.8349,5276728.811,-95.66903288,47.61289903,1522.754814,1584.429371,1583.427433,1607.244463,1599.118616,1479.421342
61000600,326348.9978,5037747.006,-95.22157518,45.47164521,1660.149726,1761.328218,1773.927376,1744.96216,1765.460528,1641.123925
61004100,316412.2831,5035955.235,-95.34792497,45.45298838,1684.356172,1753.025716,1759.199446,1734.794114,1755.317865,1630.132016
61004300,317757.5669,5034810.398,-95.33031011,45.44304424,1823.834601,1916.680468,1926.497998,1907.121842,1923.287922,1790.046704
61007200,315160.4219,5038506.573,-95.36488122,45.47560376,1797.342167,1882.351828,1892.912972,1866.892293,1894.814654,1761.094317
61018000,293305.369,5043718.178,-95.64641141,45.51633555,1795.410621,1852.591283,1860.408182,1838.698149,1850.043428,1734.002847
62000200,498754.0283,4995658.276,-93.01584031,45.11439312,1935.419866,2011.348387,2049.535879,2019.488039,2039.727267,1906.667123
62000600,495486.0615,4985661.028,-93.05729668,45.02438645,1972.316216,2112.83802,2149.970878,2119.218353,2140.427526,2002.692172
62000700,494430.8053,4985183.351,-93.07068604,45.02007895,1879.372377,1999.199164,2035.74399,2004.223707,2022.056789,1891.046213
62001200,495060.6552,4982295.043,-93.06266343,44.99408333,1955.260007,2075.281619,2112.319657,2071.699049,2091.321439,1952.106952
62001600,499630.106,4979969.67,-93.00469099,44.97316752,2003.032185,2104.189537,2138.475924,2111.273073,2129.882057,1995.269889
62002400,496749.9185,4992090.752,-93.04129583,45.08227272,1775.498531,1842.154168,1876.323356,1833.992432,1853.093016,1729.846628
62003400,498599.2902,4990702.299,-93.01779367,45.06978021,2047.548809,2162.590234,2198.826478,2163.672321,2190.29548,2047.196679
62004600,492242.8232,4993756.966,-93.09858912,45.097236530000004,1871.367132,1936.940786,1972.699665,1941.936137,1963.05509,1828.46103
62004700,488133.1684,4972324.317,-93.15031492,44.90424505,1734.560535,1781.43182,1816.8982800000001,1776.014383,1792.359432,1668.300902
62005500,488925.9806,4980691.442,-93.14045608,44.97957862,1983.807464,2078.548355,2112.336943,2080.719845,2101.312904,1961.835242
62005600,490348.6549,4986864.481,-93.12253021,45.03516843,1860.95946,1979.830601,2015.450647,1983.357833,2000.040869,1868.95248
62005700,487930.1432,4986932.059,-93.15323634,45.03573969,1827.115169,1942.847792,1977.918021,1939.765916,1960.52946,1828.493313
62006100,489174.3725,4993988.452,-93.13759222,45.09927999,1842.160586,1908.456147,1949.186577,1919.930314,1932.728444,1803.56299
62007800,486581.735,4987764.975,-93.17037762,45.0432132,1910.225355,2037.131023,2073.359816,2044.644721,2062.987,1929.580601
62008300,482385.7753,4987894.364,-93.22365975,45.04428602,1959.568927,2101.594968,2139.441275,2101.305029,2129.650391,1988.654575
65001300,373598.5006,4970558.902,-94.60035368,44.87723731,1955.61078,2022.551653,2042.034714,2006.401133,2020.830346,1899.284344
66001500,470440.0236,4911175.468,-93.37090492,44.3532484,1868.951191,2018.638711,2052.956252,2011.238704,2037.799656,1896.007881
66001800,472459.7578,4908332.502,-93.3454124,44.32773321,1876.90863,2007.937929,2037.515285,1998.531397,2020.086604,1886.347524
66002700,472757.3213,4918054.919,-93.34218967,44.41527303,1794.712416,1930.847349,1966.678277,1919.95866,1939.87304,1815.831285
66003900,468431.2484,4913346.36,-93.39624123,44.37270771,1903.9639320000001,2032.390777,2067.166012,2024.638649,2051.346294,1911.819916
66004400,459775.2682,4898291.313,-93.50372432,44.23674341,1956.660444,2034.001808,2068.335035,2020.229294,2041.442303,1909.519201
66004700,464438.385,4908886.66,-93.44605236,44.33237362,1914.908216,2035.124401,2073.116235,2024.715696,2053.327434,1917.810004
66005200,465804.6552,4904676.735,-93.42863963,44.2945383,1860.846204,1990.131278,2024.5874,1981.390167,1997.79546,1865.664028
66005500,464843.6461,4913075.283,-93.44125213,44.37010222,1868.471865,2007.285244,2034.624523,1994.831172,2013.965959,1879.561377
66006200,460101.5291,4922468.8,-93.5014911,44.45442205,1981.218874,2109.231566,2142.493693,2091.25954,2117.308568,1984.565302
69000400,590212.2492,5302852.881,-91.79360433,47.87267245,1397.053253,1382.948178,1396.622634,1395.535201,1395.846603,1293.558528
69004400,585278.6068,5257057.132,-91.86850742,47.46137082,1336.578064,1302.952024,1316.85576,1317.578112,1310.714419,1226.490028
69005400,584051.296,5293984.102,-91.8776987,47.79372745,1354.255971,1233.793614,1335.897273,1248.174509,1331.739404,1242.648885
69014300,579822.5965,5236829.54,-91.944523040000007,47.28008184,1442.77011,1356.246653,1373.860765,1372.420147,1362.870746,1276.405758
69025400,568794.6222,5292460.098,-92.08162612,47.78182787,1328.992071,1313.182118,1322.7076280000001,1323.681092,1321.35173,1225.896592
69037100,562252.7743,5193688.56,-92.18277595,46.89381635,1499.914745,1370.879351,1386.594837,1396.391283,1385.83299,1291.464082
69048900,552569.0639,5194141.779,-92.30983635,46.89873141,1482.536645,1383.826267,1397.73652,1402.94397,1391.907558,1293.140016
69074100,525223.2732,5314557.952,-92.66197147,47.98382706,1436.250992,1433.918551,1441.225177,1451.208146,1437.597852,1344.477681
69074200,525535.0028,5321038.101,-92.65740795,48.04211663,1405.481251,1458.290065,1457.64511,1465.86595,1457.472704,1358.080773
69081000,518967.3812,5337829.601,-92.74477467,48.19341724,1370.686158,1439.727777,1433.56851,1447.239974,1439.236476,1334.235094
69084100,507013.0184,5323188.277,-92.90587332,48.06193421,1352.780169,1370.912849,1363.629399,1378.694016,1365.22306,1267.685635
69084800,507254.1685,5181978.873,-92.90495196,46.79131824,1567.541658,1588.10321,1606.225292,1612.849178,1607.085846,1503.117026
69092500,502128.6589,5275146.122,-92.97166614,47.62971333,1404.840413,1394.551909,1395.514382,1401.75021,1387.21452,1301.06191
70002200,469003.5153,4948892.56,-93.39119485,44.69273556,1939.811931,2025.353992,2050.827997,2010.964913,2024.760626,1900.534636
70002900,465648.1492,4941618.001,-93.43305276,44.62709558,2043.597933,2148.671078,2183.584817,2140.424555,2154.242176,2025.342046
70005000,467196.8223,4942383.644,-93.41357905,44.63406046,2017.408983,2093.490355,2125.63081,2092.975128,2107.670739,1972.986589
70005200,462264.6288,4942151.172,-93.47574454,44.6317256,2012.705068,2098.499196,2129.931657,2096.947345,2109.673824,1977.068017
70006900,463511.23,4944353.954,-93.46018539,44.65161987,1980.908414,2036.62975,2072.220203,2038.736408,2055.807631,1926.620084
70007200,464590.3616,4951202.657,-93.44705002,44.71332699,1898.063772,1953.931131,1982.30761,1943.079225,1961.631917,1837.068357
70007600,465950.0664,4955479.221,-93.4301694,44.75189093,2131.727981,2207.438334,2235.920624,2202.780711,2230.645781,2085.178298
70009100,458446.6306,4937560.236,-93.52350622,44.59018658,1947.624098,2004.917255,2033.190087,1990.569263,2010.865231,1883.67076
70009800,455285.7389,4939342.274,-93.56348159,44.60603925,2009.518334,2083.055628,2114.044457,2070.643155,2092.00561,1959.953161
71001600,454934.5412,5033813.618,-93.57637997,45.45639434,1934.933099,1991.821234,2029.747244,1991.716085,2015.249363,1889.265094
71005500,451028.3816,5037227.586,-93.6266767,45.48685924,1897.083137,1979.923113,2013.032353,1984.945514,1996.894887,1872.832392
71008100,440642.8916,5021749.972,-93.75770089,45.34674693,1742.886478,1800.035562,1822.978842,1798.162359,1808.895885,1693.997827
71008200,440918.5712,5020853.573,-93.75407499,45.33870209,1742.886478,1800.035562,1822.978842,1798.162359,1808.895885,1693.997827
71014500,427975.6715,5039498.233,-93.92197723,45.50529582,1848.827112,1998.051005,2028.065361,2002.522397,2015.177888,1899.4420930000001
71014700,427063.9777,5037878.424,-93.93340528,45.49062285,1783.900884,1897.530606,1926.530887,1896.551422,1905.876675,1787.352371
72004200,404121.4397,4935805.295,-94.20748146,44.56920407,1956.154152,1996.477676,2021.911707,1975.915423,2000.467422,1872.341355
73003700,397751.0421,5028102.949,-94.30642358,45.3989737,1816.720471,1856.353233,1879.51849,1853.018712,1865.542037,1737.868134
73005500,395420.6511,5032339.061,-94.33709021,45.43674928,1818.159469,1852.250269,1869.091074,1848.781298,1859.546394,1738.180052
73011800,384321.7904,5056749.218,-94.48472037,45.6546441,1633.270303,1713.038384,1723.866917,1708.457039,1714.162716,1601.248603
73015100,379861.9824,5021715.424,-94.53335975,45.33865555,1810.218783,1873.06476,1891.095251,1869.237062,1879.110784,1755.489201
73018300,374294.2786,5066770.606,-94.61596905,45.74306413,1720.552081,1817.207257,1841.162604,1823.506649,1830.159287,1714.424014
73019900,371265.9455,5051139.097,-94.65074174,45.60186853,1806.9296200000001,1934.480967,1950.382051,1935.780052,1941.761326,1813.806907
73020002,366081.3706,5021658.678,-94.70915611,45.33564878,1742.084769,1819.347248,1841.32226,1822.355284,1830.070182,1698.554798
73020800,365617.5324,5056363.265,-94.72457933,45.64780027,1804.78663,1968.18285,1975.201133,1963.033037,1975.107502,1843.786872
73023300,367371.0706,5060719.997,-94.70327436,45.68733475,1723.426994,1825.054555,1834.57727,1818.926283,1828.23997,1707.640968
73023700,358075.5021,5036781.418,-94.81563647,45.47013032,1715.290348,1864.807366,1885.012033,1848.238544,1866.79276,1731.937551
73024100,358911.5067,5054941.152,-94.81018573,45.63367505,1746.057756,1847.499107,1863.33746,1838.917026,1853.97329,1724.562349
73025500,352524.5737,5068186.059,-94.89611036,45.75149744,1586.087479,1674.830453,1688.588441,1655.859565,1675.815975,1559.694956
74000100,495161.3889,4881325.707,-93.06043774,44.08509235,1829.996313,1952.280623,1987.981398,1936.646455,1961.473661,1826.639535
74002300,471951.8764,4859878.704,-93.34920419,43.8914761,1879.029115,1944.099787,1977.909971,1936.652949,1953.188484,1824.472537
76003300,321388.7163,5021417.658,-95.27906889,45.32352518,1739.825958,1885.476894,1893.427911,1865.89345,1888.303494,1743.6388
76005700,311548.879,5019145.604,-95.40365205,45.300518,1777.818285,1840.398379,1855.144867,1819.313388,1841.915829,1711.967626
76008600,298915.6092,5029546.378,-95.56885873,45.39054191,1871.567733,1943.238412,1954.471627,1931.773037,1944.498187,1821.809126
76016900,258159.5169,5032939.511,-96.09048564,45.40815196,1845.715777,1862.248426,1862.638528,1847.874907,1860.853643,1737.58271
77000700,369664.2247,5077002.678,-94.67822504,45.83426304,1631.361617,1700.741036,1714.299095,1701.123569,1709.011243,1592.860709
77000900,363651.1458,5076821.345,-94.7555632,45.83146852,1677.148406,1775.908821,1790.077324,1768.256226,1779.527446,1658.86497
77001900,370335.5102,5070130.664,-94.66773886,45.77256328,1710.333242,1800.300204,1814.75683,1800.917976,1812.532925,1690.766264
77002300,364105.101,5082770.501,-94.75140105,45.88507892,1591.096115,1725.483694,1736.930465,1723.390084,1728.559157,1612.183924
77004600,364295.4341,5104601.914,-94.75514644,46.08151529,1615.38426,1763.86868,1772.529099,1768.963869,1776.475439,1653.533194
77006100,365446.4368,5111077.219,-94.74210171,46.13999476,1564.696753,1663.153438,1671.692242,1657.237534,1666.474883,1550.792025
77021500,335804.7553,5085466.099,-95.11682474,45.90315385,1599.332983,1708.281839,1717.510793,1705.335798,1709.436864,1596.424213
80003000,344445.0274,5184769.275,-95.03845584,46.7983129,1486.695985,1524.137343,1531.044796,1535.081456,1527.985616,1426.144739
80003400,340885.3217,5183617.465,-95.08467229,46.78711444,1623.30655,1698.611709,1712.121189,1716.420513,1712.488032,1595.541408
81000300,466518.6766,4861188.131,-93.41692913,43.90303872,1915.600631,2008.132599,2043.936613,2002.068043,2019.158948,1892.325866
81005500,450897.104,4892756.681,-93.61437937,44.18637269,1915.480484,1964.545513,2000.271788,1952.250886,1978.239105,1842.359655
82000100,517759.3326,4975105.897,-92.77494864,44.92916217,1929.210881,1999.700687,2025.399867,2001.109673,2014.589948,1883.24356
82005400,510979.9687,5014818.419,-92.85998713,45.28678053,1899.083603,1873.285072,1919.57387,1888.99018,1901.764374,1775.099921
82011800,503151.7742,4986796.474,-92.95998653,45.03461496,1893.642341,1989.292213,2024.269492,1988.478363,2009.87338,1875.003209
82014000,502452.0114,5002855.874,-92.96879172,45.17918054,1741.330092,1757.348146,1794.532496,1748.11566,1767.613541,1653.042598
82015300,504536.1865,4997779.697,-92.94231126,45.13347611,1743.165076,1772.842343,1811.472305,1761.966716,1787.795576,1662.240649
82015900,504004.2571,5013346.026,-92.94895088,45.27360122,1833.025801,1818.906453,1865.028602,1825.654042,1836.971768,1718.240452
82016300,499873.7606,5011883.272,-93.00160902,45.26044563,1882.657861,1968.794598,2008.563848,1976.783215,1997.072662,1865.045346
82016800,498433.5726,5012328.165,-93.01996672,45.2644486,1845.431996,1926.781046,1966.763026,1927.691736,1949.088773,1821.458282
83004300,367799.0462,4870370.473,-94.6482113,43.97458451,1964.667746,2079.557556,2103.35256,2057.955549,2080.819937,1949.391107
86001100,441248.7811,4999981.788,-93.74739321,45.1508677,1770.044856,1829.560161,1850.619453,1825.476915,1840.354056,1721.715437
86003200,438242.2662,4981056.407,-93.78330656,44.98026407,1944.770147,2100.133325,2123.583177,2086.070667,2093.2115,1980.043381
86005100,432228.4967,5007507.297,-93.86315402,45.21779337,1854.567241,1982.319314,2005.686807,1980.635918,1993.854184,1872.301802
86006300,437826.6272,5001839.143,-93.79115482,45.16729224,1843.958782,2012.727146,2046.326339,2011.93825,2015.97729,1904.251904
86008600,430378.3985,4987987.722,-93.88399628,45.0419241,1856.835539,2089.23333,2115.418727,2077.634946,2094.206971,1975.249743
86009000,429774.1546,5001449.496,-93.89355574,45.16302946,1835.791032,2029.013622,2053.352446,2026.394805,2041.401021,1921.423888
86010600,421553.9449,4991319.828,-93.99654655,45.07099247,1809.522193,2007.080372,2032.406783,1993.57329,2001.906495,1880.606295
86010700,428253.6801,4999328.292,-93.91259509,45.14378448,1734.848037,1882.150941,1910.532663,1877.829272,1889.228178,1766.745686
86011400,423537.2926,4991665.498,-93.97140729,45.07432074,1781.935518,1905.853805,1932.454962,1906.147917,1913.931888,1799.381699
86012000,421757.783,5006583.341,-93.99634741,45.20839193,1748.883936,1889.470395,1914.999967,1887.573714,1896.653487,1776.634396
86018400,417040.1266,4989350.763,-94.05355322,45.05275558,1904.85326,2055.090294,2078.928804,2046.327358,2064.021839,1936.317643
86018800,418843.3074,4985726.651,-94.03007195,45.02034602,1864.13491,2043.854571,2066.748719,2036.355425,2044.879611,1927.188992
86019900,415820.5497,4991539.516,-94.06940585,45.072311,1851.232227,2006.609625,2026.719573,2001.665346,2011.793371,1893.315337
86020800,415596.1099,5009133.617,-94.07523023,45.23063301,1826.097511,1980.960591,2013.563429,1978.027883,1984.945919,1866.340502
86021700,412825.3431,5004158.195,-94.1096497,45.18551695,1839.281789,1964.044096,1987.183494,1961.761074,1971.256423,1853.492958
86022300,419446.5461,5017682.85,-94.02757477,45.30802778,1867.759214,1928.836854,1955.009554,1932.358128,1944.954911,1823.801389
86022700,416475.8313,5013416.87,-94.0647454,45.26928713,1797.452291,1917.076544,1933.065593,1917.707749,1928.931919,1808.1888
86022900,419483.8395,5013854.564,-94.02647737,45.27357741,1869.224743,2008.827703,2034.99244,2003.325466,2017.815319,1896.279917
86023000,419456.5978,5012804.493,-94.02665421,45.26412359,1869.224743,2008.827703,2034.99244,2003.325466,2017.815319,1896.279917
86023300,418531.5413,5018734.562,-94.03941808,45.31738753,1737.324427,1788.74407,1810.261514,1788.685727,1796.034697,1681.539511
86025000,411303.6736,4992031.741,-94.12686395,45.07618938,1940.459223,2104.6058630000002,2137.746409,2092.246973,2103.200322,1992.67995
86027100,403149.945,5008791.761,-94.23368218,45.22595393,1678.16552,1724.909393,1748.601333,1716.184661,1725.293076,1608.17704
86028100,406219.0131,5018936.764,-94.19651403,45.31766978,1833.864423,1864.543065,1889.530339,1865.00056,1872.017401,1754.372463
86028200,401877.7758,5017725.164,-94.251649080000007,45.30617265,1882.816685,1922.943081,1950.982337,1925.094105,1935.179649,1817.750784
87001600,303108.0041,4939148.777,-95.48002721,44.57875309,2041.666074,2112.281063,2121.823932,2075.826361,2110.304952,1971.307749
