DOWLKNUM,ACCESS.avg.ann.gdd,GFDL.avg.ann.gdd,IPSL.avg.ann.gdd,MIROC5.avg.ann.gdd,MRI.avg.ann.gdd,UTMX,UTMY,LON,LAT
1000100,2038.5962747000897,1893.265615276842,2040.225242542818,2134.611328296702,1874.4082300465304,494097.0582,5114741.396,-93.07649059,46.18622363
1003400,2119.031557047173,1983.111051042604,2120.948958410206,2222.034908641489,1972.7267788512731,483970.3014,5173669.424,-93.2097389,46.7163875
1007200,2117.7577031904443,1975.327712541892,2118.5646463295056,2223.8972433770477,1961.63542712425,470459.1842,5164338.888,-93.38592232,46.63196075
1008900,1979.73402850117,1834.9165160383243,1982.0458482657648,2071.0322960433455,1821.2932615891896,462197.1965,5148324.396,-93.49254774,46.48742935
1009200,1954.7059972087504,1820.316562305952,1956.265769306636,2051.4242878662285,1807.70756978443,464357.0013,5143108.449,-93.46400876,46.44060712
1009600,2016.79288898315,1873.39174139507,2019.5294362333468,2112.1575210184183,1858.3798188435549,464414.4068,5150836.52,-93.46385202,46.51015736
1010200,1989.7903795687537,1847.338743251561,1992.9898723182373,2084.1287255362768,1831.4284966215896,461899.8436,5165316.622,-93.49781873,46.64032757
1010400,2135.511170811312,1992.2390725915757,2140.676909569878,2239.607862013677,1973.8081457520111,458297.0716,5163659.077,-93.54474098,46.62519693
1010500,2160.2567314609128,2015.693732776431,2160.79581035898,2265.508366782071,1999.9198532939995,461988.9966,5164146.343,-93.49655756,46.62980129
1015700,1964.831791036814,1816.0164997613583,1967.4412389482848,2051.8290770357153,1800.2379453230626,440638.8309,5133864.451,-93.77158104,46.35575192
1015900,2019.4213219763883,1869.9332561396811,2022.7679866961453,2113.125136624879,1853.3332948010843,440683.782,5141227.325,-93.77193035,46.42201372
1018800,2011.7852160087184,1877.173861445743,2016.3027220038048,2113.4853170561505,1865.1756695013376,442659.2341,5166528.793,-93.74934995,46.64986541
1020400,1979.0738262532852,1832.8356019723049,1983.3651569743347,2066.681663069809,1813.1625615087269,438034.8405,5131543.537,-93.80511788,46.33463285
2000400,2389.3584527571716,2214.155017167874,2390.365072475829,2519.8480446360318,2212.039580779235,495368.9805,5003213.13,-93.05894518,45.18238548
2000600,2509.1959406267342,2328.9255913825828,2513.7065378344023,2651.23216298325,2325.4273539344645,494460.8242,5001105.981,-93.0704811,45.16341112
2000900,2528.8237609404864,2353.0507331998015,2534.6374370753515,2672.827701504807,2354.6436302556936,492229.7453,4999887.982,-93.0988506,45.15242605
2001600,2391.4865464087625,2217.4415035590973,2392.985068988947,2521.797632523395,2216.5212147553025,496619.9032,5011821.59,-93.0430815,45.25988228
2002600,2375.4474833232744,2201.6024154308193,2372.8041464566636,2498.83803337662,2191.262716400121,491522.891,5022022.941,-93.10822069,45.35166602
2004200,2229.772497942593,2053.747580080611,2224.0395291763384,2342.3093981176785,2047.898356647604,486945.324,5016905.783,-93.16652372,45.30553427
2005300,2292.7874865705994,2113.719568706034,2293.892954690005,2413.3525981461553,2109.5725464626717,482559.9597,5011560.083,-93.22227451,45.25732016
2008400,2449.1598291467885,2268.698210085736,2446.0218563163794,2579.01440921217,2261.8070104837834,473061.835,5006368.734,-93.34304572,45.21029104
2009100,2181.53752667213,2010.4942205775776,2175.4949604057456,2290.460689233568,2000.4140001656824,473692.683,5022636.811,-93.33587526,45.35674912
3001000,1899.3248412045305,1763.0594682279152,1905.3216448210376,1996.3441596025348,1743.67177017041,327229.8412,5201583.145,-95.27024892,46.94526301
3003000,1891.5713347587796,1752.0621308880727,1896.4898455276611,1991.6348953945624,1729.084668783368,327775.1165,5215532.625,-95.26839627,47.07083444
3009600,1780.4160853506548,1644.4788147575464,1779.3792231323573,1868.0255285331195,1632.149438372738,322503.4943,5216279.375,-95.33806492,47.07615281
3010200,1938.7894158467047,1806.5297883547971,1942.019675074448,2040.323895632774,1790.391439154182,313777.5079,5202079.708,-95.44706092,46.94608733
3020000,1982.984150135856,1848.2949719107548,1987.8286176672464,2091.3111709928453,1826.9803676024503,298414.3905,5199244.742,-95.64747105,46.91611241
3024101,1845.7276197661847,1701.8067047496747,1839.6259659574869,1930.988507137648,1688.9037305167717,296242.9178,5197828.385,-95.67532382,46.9027179
3024102,1845.7276197661847,1701.8067047496747,1839.6259659574869,1930.988507137648,1688.9037305167717,296543.155,5201305.688,-95.6729412,46.93406772
3024200,1774.9011639160362,1644.3676151003306,1777.4457438491384,1862.1875853113568,1628.699796723732,298107.1178,5205752.9,-95.65439444,46.97452214
3036600,1950.2039120435684,1818.9000686985053,1957.7757233189163,2061.1262734531183,1801.7649074219296,284116.8788,5182282.733,-95.82700329,46.7591635
3040000,2040.038595204953,1910.1229758870868,2050.3270570368604,2155.4654332975933,1892.3902424257544,280140.3082,5191411.143,-95.8833933,46.83990926
3048900,1949.630162036101,1822.5469706096137,1959.534596430724,2058.2784111870137,1804.6483229918083,275699.0777,5181987.08,-95.9369453,46.75373175
4003200,1993.637396800839,1861.2376558499952,2012.5117572456445,2099.3098195493926,1847.3213803192189,385138.8669,5268671.869,-94.52690228,47.5612984
4003400,1932.827068072871,1793.4742326329726,1956.6046743425836,2038.8952237850424,1786.30201691633,386027.8351,5277152.948,-94.51729355,47.63773954
4019800,1972.2286654236084,1836.66837279879,1989.4486686489145,2072.532730172587,1826.4762533116268,355105.7154,5283645.935,-94.93089252,47.68994727
5001300,2335.421446717844,2164.3188663959018,2338.6577148726983,2451.5693879332252,2153.881491229111,409065.841,5064907.184,-94.16873649,45.73174306
6000100,2413.704438519131,2232.2532234349683,2430.812235827667,2520.9568072739353,2251.4976881464427,252568.7582,5009559.924,-96.15015212,45.19606714
6000200,2359.0704639124483,2189.547837961483,2376.445700514951,2468.7031048147815,2199.874164739263,254132.2222,5027166.37,-96.13899794,45.3548609
7004400,2521.7780225571973,2321.1275288938787,2508.8024186474895,2643.3925732570137,2333.4840725537415,435926.3612,4893233.802,-93.80173666,44.18950702
7004700,2522.3030862815262,2320.297131790428,2506.754792308385,2638.2139027472676,2327.974692725002,430489.1567,4898142.713,-93.87041415,44.23320001
7005300,2572.752711484578,2370.477183161827,2559.617543477518,2694.2932642583996,2378.729504146633,434827.4838,4896424.197,-93.81588158,44.21813051
7005400,2455.9226429309656,2260.537094697206,2442.232029251128,2573.492806798504,2267.921367572273,433248.5622,4895737.786,-93.83555834,44.21180842
7007900,2532.7124117132817,2340.884658393714,2521.630211608988,2657.832844972098,2364.6079242398596,417777.2175,4857511.654,-94.02325236,43.86611618
7009800,2677.6122224509327,2481.356575952233,2661.464400782894,2804.986286779096,2497.4704451190805,403711.9553,4884727.433,-94.20319688,44.10939919
8002600,2520.8820457090524,2332.1004107307363,2510.373722649031,2639.484425371197,2345.9232755127696,371066.814,4888695.619,-94.61195575,44.14008857
8004500,2465.2237830839927,2265.475882308068,2459.2233072864155,2576.971882678464,2279.9116505605016,361851.7715,4907456.409,-94.73205886,44.30723449
9004100,1990.8644664429717,1846.3298342430203,1987.6808021474965,2080.6363855232385,1835.2283806891453,518606.6317,5143831.586,-92.7577428,46.44779979
10000200,2505.8997357873386,2320.0399941476994,2502.88306042854,2639.9711451529733,2321.632475492352,458766.2128,4964838.5,-93.52168161,44.83576415
10000600,2508.068262551373,2319.52554277116,2504.273923055549,2638.146859612923,2318.9802534353107,458129.278,4969419.185,-93.53011783,44.87696132
10000700,2552.1442220897684,2364.775807117707,2551.1373660160384,2688.744104498494,2365.939627064782,455808.8316,4969527.077,-93.55950465,44.87779239
10001100,2523.923789335953,2336.415096811208,2520.9945956227702,2658.9327524070254,2339.766059105085,450798.73,4969235.101,-93.62290566,44.87483577
10001200,2500.44752868551,2312.198421807041,2498.043497057298,2634.1772744090667,2314.7883889476757,455777.7334,4968803.557,-93.55983521,44.87127755
10001300,2533.010480748353,2350.225785333916,2532.5251681805316,2668.44200409973,2351.1206511485693,457234.7434,4966615.391,-93.54120634,44.85166917
10001800,2438.4000381602505,2257.7500072801963,2437.6397230979596,2564.4719460927427,2261.004039828334,448964.4579,4969387.824,-93.64614213,44.87608149
10001900,2419.2583601816546,2232.3089575849294,2415.3614131672575,2539.9811873611525,2243.996128864579,449417.4961,4965063.183,-93.63997539,44.83718515
10004200,2430.863003667523,2253.8472566924665,2429.4512378030922,2554.7485204179047,2257.5540470895194,442272.4131,4970141.587,-93.73094705,44.88235564
10004300,2383.673051566129,2214.610661273532,2390.278356479908,2511.594886050332,2218.047819886612,443758.2643,4968752.578,-93.71198046,44.86997144
10004401,2393.5185065919095,2219.1113797496055,2393.4841728960073,2522.035181383195,2220.489803376058,445173.1132,4968516.596,-93.69404528,44.86795751
10004402,2477.6397261750894,2303.332874532638,2479.0225366052123,2610.2276374767766,2307.5404631125384,446245.3759,4968215.903,-93.68044075,44.8653325
10004500,2424.1309610862486,2248.2764147503917,2427.9002316758083,2552.7555491618095,2251.2559441387657,447920.1069,4968362.151,-93.659258,44.86677329
10004600,2425.2314628279737,2248.2083975250425,2427.641816871232,2554.988015943267,2250.597099413981,447318.7177,4967151.333,-93.66674441,44.85582987
10004700,2470.9555169351243,2292.4815664056687,2473.268360268909,2601.6709559638084,2297.1630211054953,446838.2232,4967089.288,-93.67281872,44.85523571
10004800,2409.358752593323,2231.252125225932,2410.278182394946,2535.332276107663,2233.3984464235964,446667.9857,4965550.873,-93.67481139,44.84137489
10005000,2450.1812217778815,2268.2701437471937,2450.0221968378364,2575.029680022003,2274.1170640448418,445592.5075,4966694.252,-93.68854108,44.85158582
10005100,2471.621525858738,2296.1689228733007,2474.2142861055895,2603.443889237161,2297.797411168314,443342.2151,4966526.643,-93.71699821,44.84990186
10005200,2411.5818762439117,2223.8014313089006,2410.541431348852,2533.4601026441987,2234.391721976195,441004.181,4965322.65,-93.74644335,44.83887465
10005300,2395.7433973476723,2210.1279053814337,2391.658496190413,2515.255299199998,2218.685106618052,444817.34620000003,4964659.238,-93.69812895,44.83320807
10005600,2423.4408241013966,2247.419309252313,2427.8848810662416,2553.255931181786,2249.888607814069,446398.2862,4970816.85,-93.67878051,44.88875641
10005800,2447.6842600070213,2263.169338428788,2441.7171239520244,2567.9279441694707,2275.09311908535,439049.5985,4952405.534,-93.76962514,44.72243745
10008400,2485.110885419924,2305.8925149339107,2486.6886743146765,2616.3934285487576,2309.2538863621626,436404.8982,4966513.274,-93.80477936,44.84919664
10008800,2546.7967572210946,2359.3803144684575,2542.6012234207797,2676.956832376672,2371.107977024337,430824.8051,4962821.211,-93.8748831,44.81544445
10008900,2552.741741038558,2373.9989875033316,2558.4810493987034,2687.3823082402337,2382.8788142848343,433543.5849,4970792.067,-93.84154575,44.88744987
10009500,2451.5046375835545,2276.727554612028,2455.0949620144656,2579.5790125026642,2283.119042886615,435332.1947,4975508.943,-93.81950183,44.93007182
10012100,2586.82906938736,2397.7194386327383,2582.9224290731213,2715.9325079831315,2412.2726915177645,426089.4332,4962103.69,-93.93466099,44.80851156
10021700,2604.575745341165,2407.379307688195,2585.2433609660693,2740.251724907773,2415.7195635005037,452122.0698,4964493.94,-93.60570511,44.83224762
10021800,2570.5803130306635,2380.027233319957,2560.8370617214373,2701.1686828966863,2383.5681751279258,452183.4779,4963730.543,-93.6048564,44.82537987
11005300,2112.895911614812,1967.8081369130716,2113.5105709592317,2212.3679263014296,1950.615006329901,429152.8494,5185736.08,-93.92879781,46.82140057
11005900,2074.697793363936,1924.936299049601,2080.488662543562,2169.5924616723423,1908.6783162693648,424640.5596,5191221.724,-93.98885008,46.8702633
11006200,1990.40698287604,1848.4480030545017,1997.2520416669463,2090.246479813759,1835.7003561282368,425872.1458,5200393.152,-93.97418615,46.95292262
11007300,2008.2950194422483,1874.2865885266328,2010.5860426560548,2108.5399633930083,1870.7808878858984,429010.4092,5204897.821,-93.9336541,46.99379733
11010400,1932.7695895660916,1800.965743030039,1934.2935156621436,2028.5930569016264,1796.5957344241135,422938.2594,5203867.377,-94.01332739,46.9838471
11014700,1981.897815489099,1845.9900045242157,1997.6932702974864,2083.0285799770386,1838.1683390136695,409709.2635,5254913.136,-94.19754193,47.44140779
11016700,1977.6888389410624,1840.2358494040752,1984.503525920416,2072.6297132480795,1824.9103125831855,409424.6313,5199545.538,-94.19012645,46.9432538
11017400,1990.9806764208329,1853.933193072699,1999.248259367028,2088.2484777444206,1838.1118426995504,406494.4613,5204100.535,-94.22955757,46.98382732
11019000,1863.8028611977263,1732.12687295094,1867.2744082990823,1954.3267627766636,1724.1210072749036,408541.7348,5213440.252,-94.2045319,47.06814016
11020000,1994.129852244036,1855.7682074885315,2001.1215848887616,2091.3386912374704,1840.306463696567,403512.1215,5196249.297,-94.26709613,46.91276479
11021800,2142.511389183817,1991.2800886973284,2142.343300204496,2239.324904393377,1979.3430299469471,396864.3148,5153469.615,-94.3447741,46.52688914
11023400,2031.7869990584643,1885.5258553058577,2032.3351772801163,2127.768654976749,1869.88070974697,397861.0263,5191770.613,-94.34028277,46.87162716
11023700,2088.448641857246,1942.2302476734776,2088.31614834423,2189.095171903903,1927.6677897215463,393886.1324,5191728.222,-94.3924166,46.8706233
11025000,2043.0521352608257,1898.1114795328667,2046.0953505587536,2138.9123431727644,1884.442492145428,397137.7355,5187141.989,-94.34872822,46.82987423
11027900,1917.676058342229,1780.6715353193138,1922.0122469614753,2009.3226074061815,1763.2487928364358,398004.8505,5195071.385,-94.33913495,46.90134458
11030700,1964.7434194675495,1827.6399145035932,1963.6009484014776,2060.4623346435405,1817.2698335386656,393236.2656,5177062.135,-94.3975198,46.7385775
11038300,1924.4008545349557,1787.0367468343857,1930.492524851021,2017.684783375998,1772.232028483372,387835.5015,5196781.504,-94.47303078,46.91508928
11041100,2046.6418852891225,1906.6684782302532,2048.1750545703117,2147.205946237102,1886.83546443548,383053.083,5186711.059,-94.53323215,46.82367299
11041200,1904.004211541799,1771.8939483274326,1907.587024052177,1997.396450793498,1752.8286301531352,382393.5287,5199484.23,-94.54517214,46.93846024
11048800,1885.3424256579376,1756.4949601467806,1893.3541827541285,1977.0103507478032,1740.53901927379,382854.0317,5238706.799,-94.54933313,47.29136088
13002700,2281.3241427990556,2117.6022041946326,2280.180486549418,2400.9116343082333,2104.3015214830302,513928.7285,5025024.402,-92.82209831,45.37859594
13002800,2317.164787507262,2150.10081894379,2317.1313898524327,2442.042543436348,2142.570635303619,511252.3632,5025541.195,-92.8562697,45.38329588
13003201,2313.3316664455833,2145.9339058096743,2312.046684528651,2435.6690988340524,2138.505245877343,513332.6664,5028194.395,-92.82962563,45.4071415
13003300,2416.1927425540557,2245.0693995972356,2411.623313250256,2544.5381605223265,2236.740281563436,516167.516,5028935.007,-92.7933758,45.41374813
13005300,2322.650945593187,2153.178716318428,2317.675856513544,2443.299684404375,2144.5406777355056,504118.6705,5018585.514,-92.94744871,45.32076356
13006800,2201.72574008556,2030.9493017761315,2195.456183170595,2311.092529424704,2021.337416067801,497323.9996,5047449.589,-93.03430098,45.58058221
13007300,2266.8113174782975,2094.7430862251035,2262.311526710971,2379.7174277097133,2084.29089373832,495823.6018,5048703.764,-93.05354381,45.59186364
14000400,1995.615178140662,1869.144627279488,2004.588500913309,2105.9136952601852,1851.3301864665364,257177.065,5211347.049,-96.19473726,47.0110548
15001000,1856.283885043133,1720.485106423162,1871.0816849202624,1951.6456190917131,1700.5606313280348,331962.3582,5228594.724,-95.2181686,47.18936522
15005900,1841.82316610384,1710.7207902360294,1853.0160349167047,1933.4203243487764,1700.6439487705147,326860.2825,5251562.828,-95.29438262,47.39455059
15007900,1903.4997706978263,1770.3033828944106,1917.27664936174,2000.5614380224747,1760.6213221523694,325070.6003,5249583.522,-95.31729851,47.37627811
15014900,1864.3577291497304,1739.4900117876325,1882.1792011779005,1959.5256011589404,1726.7016005190053,310451.7864,5285336.16,-95.52616802,47.69358968
16008900,1518.5431463226355,1415.1717849912131,1554.3260293346063,1591.82061023115,1417.3731719917553,706365.3277,5309369.013,-90.23853134,47.90442453
16036900,1579.796343193598,1463.0802320565278,1610.8235331131611,1656.0425809604203,1470.7489476369738,668409.1193,5290838.565,-90.75319474,47.74891515
16037300,1559.400928210997,1445.43929463419,1594.0830055194722,1633.399780827469,1453.9072036800494,670266.5941,5289495.245,-90.72895913,47.73635036
16038400,1624.0834769968817,1502.7903626070506,1652.0925105256254,1699.7103783563357,1509.3123475276,672949.5583,5299063.474,-90.68939282,47.82165736
16063900,1664.2242823640947,1536.155074570537,1689.8415559035489,1749.5789113175,1548.403468481651,652396.5611,5283897.15,-90.96910601,47.69048074
16064500,1733.5729521275364,1609.360479810412,1763.6970596882084,1822.8595281408427,1621.2776083518547,653497.7843,5287170.207,-90.95328807,47.71965115
17000300,2469.866266557534,2277.17216463689,2458.5442142517068,2581.0859897007585,2296.4748445348177,343649.8708,4867941.671,-94.94841676,43.94799092
17006000,2455.5427395326647,2260.0028208158665,2454.1235826664242,2563.627245227051,2283.207655756829,302969.2819,4861231.41,-95.45247957,43.87786487
18001800,2111.766710735856,1962.7261093045624,2114.188191474952,2208.3477379661053,1942.5863363478131,432912.5249,5120578.576,-93.87010128,46.23547283
18002000,2079.4031675190445,1928.584425341082,2086.10982469709,2174.8788537156875,1911.2040687633112,434185.1998,5128276.515,-93.85467314,46.30487035
18003400,1999.5852287752543,1851.697704197859,2003.102182146868,2091.708335968385,1833.6110026509327,434226.7928,5137763.416,-93.85546391,46.39024504
18003800,2068.9019248931327,1917.160642014392,2075.6335070548657,2165.5133265109293,1899.6675676874468,429742.1407,5138255.585,-93.91385912,46.39422268
18004400,2074.8794627856223,1923.504395358739,2082.768549166994,2172.6278803844,1905.548026567479,430599.9309,5134093.648,-93.90208612,46.35685955
18005000,2074.8794627856223,1923.504395358739,2082.768549166994,2172.6278803844,1905.548026567479,429600.3497,5133574.872,-93.91499943,46.35208805
18008800,2120.176237720248,1970.9338979507056,2128.1803121365588,2218.042926480307,1950.1432415798267,428726.4569,5112685.585,-93.92319572,46.16401887
18009000,2103.648012814882,1951.396637494788,2109.024805337392,2198.5257041303403,1936.7075239320236,429052.0004,5147848.052,-93.92429319,46.48046824
18009600,2153.518460300907,2000.1128859464957,2158.4036575675805,2253.056444177319,1981.5845813448036,420107.439,5129044.926,-94.03759028,46.3102723
18015500,2253.961226447776,2099.6330760372193,2257.338587669339,2361.0418843598086,2084.812169209471,396860.5498,5121111.765,-94.3376927,46.23575619
18017000,2163.095169115655,2015.4887685007077,2166.384459090176,2264.7226153205784,1998.899839534296,432442.3586,5165589.55,-93.88271535,46.64046157
18018000,2168.87186344405,2030.4319531314552,2173.6112461034254,2279.4044430024114,2025.6708537624468,436442.9433,5176574.657,-93.83196558,46.73970023
18018400,2009.6589695974703,1863.998857683362,2010.535698691982,2102.674486635794,1850.2678216860452,431354.0685,5168309.728,-93.89733808,46.66482771
18018500,2148.43396055183,2002.9017185389316,2147.769276229578,2249.701338237649,1988.7399129828848,430006.1245,5176629.105,-93.91622171,46.73954663
18020300,2155.791257794652,2013.6229263660648,2157.7189317356665,2259.403071919949,2001.9111257266536,427718.5976,5175046.162,-93.94591232,46.72505974
18021200,2033.9775432516549,1891.803377211979,2040.3619342329323,2132.1750613672752,1879.0182542126197,427186.2071,5177734.199,-93.95330467,46.74918871
18024200,2132.020953752549,1981.2255776509728,2137.4579838590143,2231.0285300132196,1965.4870725443443,417711.3332,5156192.006,-94.07348974,46.55425747
18024300,2147.0889365299977,2000.5011601699716,2149.607903582095,2246.204211384535,1982.3322140492337,415630.3528,5153837.506,-94.10020384,46.53281414
18026600,2045.349855204636,1897.710944808002,2051.2309495571963,2140.890868455051,1883.3914940555296,418310.1492,5172750.725,-94.06860779,46.70332233
18026900,2045.349855204636,1897.710944808002,2051.2309495571963,2140.890868455051,1883.3914940555296,413376.0051,5173541.482,-94.1332891,46.70981624
18027100,2045.349855204636,1897.710944808002,2051.2309495571963,2140.890868455051,1883.3914940555296,416416.5685,5171244.969,-94.09310024,46.68954016
18028700,2172.7983039003675,2023.189920692932,2175.4442036963997,2272.269475658057,2004.9914919434163,419324.466,5165666.804,-94.05410145,46.63970607
18031000,2045.349855204636,1897.710944808002,2051.2309495571963,2140.890868455051,1883.3914940555296,406667.6424,5171605.624,-94.22064137,46.6914962
18031200,2045.349855204636,1897.710944808002,2051.2309495571963,2140.890868455051,1883.3914940555296,413544.6229,5168506.174,-94.13013814,46.66453286
18031500,2045.349855204636,1897.710944808002,2051.2309495571963,2140.890868455051,1883.3914940555296,411377.8286,5174447.122,-94.15960009,46.71770276
18035400,2045.349855204636,1897.710944808002,2051.2309495571963,2140.890868455051,1883.3914940555296,409402.1046,5169843.269,-94.18454012,46.67601558
18035500,2045.349855204636,1897.710944808002,2051.2309495571963,2140.890868455051,1883.3914940555296,404105.3968,5168563.586,-94.25351028,46.6637643
18035600,2045.349855204636,1897.710944808002,2051.2309495571963,2140.890868455051,1883.3914940555296,405896.6554,5168926.827,-94.2301751,46.66728656
18036100,2086.240134635758,1935.1682830558148,2089.3053590186178,2182.8879677784453,1918.607565961556,408079.8431,5167323.115,-94.20132198,46.6531607
18037300,2138.7385313967748,1987.1185384804285,2141.277490371548,2234.6315366304834,1973.681274227312,401478.3842,5145709.807,-94.28298444,46.45776319
18037600,2088.7680961510464,1940.2060061267516,2088.744523428591,2181.8287795716874,1924.772813569288,403693.6721,5157743.837,-94.25663674,46.56635777
18037700,2096.249370417769,1946.9763109939552,2101.2447052514553,2193.4210062749135,1933.4423040438269,403254.0578,5156211.881,-94.26205188,46.55251119
18037800,2045.349855204636,1897.710944808002,2051.2309495571963,2140.890868455051,1883.3914940555296,401702.74,5169204.288,-94.28504587,46.66918037
18037900,2105.125917396377,1955.778398627132,2108.4761396943018,2205.822720350188,1941.3034740185285,400900.5526,5134064.359,-94.2880384,46.35289954
18038600,1906.6278286943923,1764.8211426729274,1907.47513899519,1995.325724446035,1753.29658568384,400979.9976,5136507.154,-94.2875224,46.3748902
18040300,2096.249370417769,1946.9763109939552,2101.2447052514553,2193.4210062749135,1933.4423040438269,401033.4555,5154735.225,-94.29069728,46.53890221
19002500,2537.768534044295,2361.958349574916,2529.28618601954,2673.6804833937363,2366.703875057726,480060.3091,4952596.85,-93.25179752,44.72647542
19002700,2394.665269602827,2214.7924281906517,2383.145721702998,2519.1269440694755,2213.24094151947,478881.7585,4952116.996,-93.2666602,44.72212186
19003100,2399.691362884442,2215.817415191685,2385.0395144785184,2520.508263800288,2214.7299850330564,475483.6171,4949787.6,-93.30945621,44.70104381
19005000,2529.0672313664454,2344.49094402798,2530.4428586440354,2668.73717320745,2346.3396259985584,492277.0994,4969128.431,-93.09777587,44.87553242
19005700,2536.143585887566,2350.721789092385,2525.6779758599064,2667.2697878876015,2354.0826430655848,487029.5739,4963190.544,-93.1640602,44.82200259
19005900,2553.790171331216,2365.713594118737,2541.593319410065,2682.0948929205556,2370.6967890712053,485624.2613,4962887.159,-93.18182704,44.81924455
19006700,2577.1596518681085,2395.3512428337312,2566.5783665971267,2713.023983136602,2401.0561500524623,486424.05,4960026.729,-93.17163483,44.79351007
19007200,2510.5904715501665,2331.1115226866264,2500.2877650541864,2643.3166489977675,2336.485651471746,488700.4561,4958560.615,-93.14282277,44.78035139
19007500,2533.2555846271016,2340.922391311655,2520.9888214847806,2661.7274286884417,2346.747106014563,489816.4206,4959014.433,-93.12872643,44.78445354
19007600,2549.6619457984875,2355.0666588509753,2534.248396598662,2676.5801778309883,2362.7802552081025,489828.5119,4959429.509,-93.12858189,44.78819033
21005200,2053.0155077922977,1899.5500540039784,2067.8904937957304,2159.3816307034563,1895.6019791518236,319448.2347,5085481.879,-95.32753287,45.89919642
21005400,2155.8289063884113,1998.3804799633535,2174.296747080675,2266.2747022662593,1999.5520796823037,318736.5117,5082842.145,-95.33570444,45.87527002
21005600,2050.78819359603,1895.935008239521,2066.7529188521967,2157.5681175790164,1893.6154536089389,317887.6703,5088803.493,-95.34889399,45.928656
21013600,2128.066397962131,1972.2157636508148,2146.5093422709388,2244.3260007562153,1963.8301251364023,308344.7202,5099831.598,-95.47628518,46.02522522
21032300,2235.442406254416,2083.9586472650435,2262.190284679733,2351.4142812594027,2086.1782993485754,292646.5587,5090806.243,-95.67498426,45.9395099
22002300,2557.7565224740565,2365.823599023733,2538.592022433962,2677.4354717348097,2381.9256044351946,435218.7902,4836599.332,-93.80369273,43.67958036
22007400,2577.2258294043563,2382.671550218967,2559.69531517852,2697.0002123764975,2399.317307607429,413207.5862,4852371.912,-94.0792766,43.8193241
24001400,2444.9812580286953,2256.0921197460707,2424.8375169971227,2557.7641451184586,2270.795383971194,474747.9541,4830854.397,-93.31302759,43.63024949
24002500,2521.9641778771343,2332.4803309125327,2505.705430264245,2643.2290242014765,2352.5751645212235,467122.2397,4830865.651,-93.40755553,43.6300529
24002800,2550.709492840902,2359.9482098651597,2535.665242984846,2674.3883937005544,2381.1381666709026,459546.8393,4821721,-93.50077453,43.54734281
24004400,2588.225816461461,2390.3024961442607,2566.2384769654855,2713.8359194440163,2404.9667794252637,454410.7188,4843590.554,-93.56619877,43.74395206
27001400,2589.0245875244636,2400.975957975773,2587.1309882386236,2729.705341289837,2403.791992123238,479718.8188,4976527.898,-93.25706576,44.94189549
27001600,2477.5362404504267,2298.586152537378,2479.820646651663,2616.318514495156,2297.3256944495556,475926.2825,4974312.964,-93.3050303,44.92183855
27001800,2544.771421970612,2357.4022294991705,2543.1293333904555,2683.954356712041,2358.8278688932733,481364.3643,4974205.996,-93.23612285,44.92103887
27001900,2575.623344621965,2390.3157810974258,2573.890531139588,2716.8690034786837,2388.448690639061,480883.9376,4972829.157,-93.24215798,44.90863184
27002200,2531.7166004521,2344.5923491885173,2525.4829691416985,2667.8367563264505,2353.3443083018465,478733.0637,4971920.242,-93.26936627,44.90038879
27002900,2726.2056321032437,2525.1116005326735,2718.886089246206,2865.7944770925815,2534.797534447298,472554.9237,4968393.863,-93.34742598,44.86843315
27003100,2453.970672158725,2270.178710378387,2452.102408313235,2586.121844580541,2270.923258833851,475395.1173,4976539.934,-93.3118689,44.94186734
27003501,2567.9998622928365,2377.8748237741543,2567.0371571355436,2702.835600604926,2379.7060241642753,473325.2551,4982263.415,-93.33840694,44.99331443
27003502,2475.4901046367536,2288.553525964948,2472.693187351918,2606.640314930045,2291.2755395887634,473511.8638,4982112.826,-93.33603166,44.99196585
27003700,2491.9551086547285,2304.209762664707,2488.351911701871,2622.972191337114,2303.627589472322,474491.7917,4980985.527,-93.32354329,44.98185403
27003900,2511.379234142176,2324.732451566804,2508.536086739877,2645.1635832678344,2324.7554790799095,474634.7607,4978543.587,-93.32160704,44.95987722
27004700,2465.2757311674027,2281.614668271878,2464.1507173598316,2598.1581288895695,2281.017531642236,469736.6942,4964913.818,-93.38289342,44.83699183
27004800,2497.542365655901,2321.070898542241,2493.5345011192153,2632.8715407753357,2326.063854816649,470886.7537,4963220.205,-93.36824601,44.82179376
27006100,2520.808942958046,2342.59641370903,2525.8295952913672,2659.3715774391035,2341.6207695436183,469048.0028,5003325.429,-93.3939699,45.18273207
27006900,2514.9677494148436,2334.132469341112,2515.493657625948,2650.5322605453794,2339.5213336397333,461179.8475,4969570.841,-93.49150821,44.87849924
27007000,2538.2979846365806,2354.492709747521,2537.972211844623,2674.1276943207627,2355.110026841566,460770.4842,4967261.896,-93.49651231,44.85769217
27007100,2536.210666327063,2348.717502972487,2533.7522611593654,2670.329538047015,2351.0401964359617,461076.5578,4968472.695,-93.49273157,44.86860832
27007600,2562.9298156505965,2376.5912002789564,2560.955459754593,2699.5172698624833,2378.6527767893735,462432.439,4966108.018,-93.47539289,44.84739464
27007800,2627.9121794211705,2440.4589366384603,2626.0190272178825,2768.612743826939,2443.5136936265226,464051.5632,4964993.522,-93.45482565,44.83744551
27009800,2544.5153773586567,2356.9731761143994,2540.6523838867224,2677.9050396211446,2359.2755835292674,465885.2662,4989149.605,-93.43325864,45.0549827
27010200,2526.8307670265117,2340.2001319752308,2523.590141695784,2659.6279939240626,2341.0691428392925,465898.2701,4987509.229,-93.43298209,45.04021733
27010400,2504.2936928846957,2320.8661588884356,2503.195077228296,2639.653434166681,2321.6693133366566,466900.027,4983747.102,-93.42001565,45.0063995
27011101,2464.52268411978,2285.276381224765,2463.7594510607582,2597.669900951019,2277.1715441342517,467476.214,4991303.386,-93.41319372,45.07444502
27011102,2503.997656948963,2320.3663509696544,2501.5046445850953,2633.778358228461,2313.580552861331,466995.1951,4990376.854,-93.41924361,45.0660825
27011700,2384.1339668723813,2204.835374822943,2383.091756844671,2508.726295542825,2196.4833537419,460555.5178,4995288.768,-93.50142744,45.10996725
27011800,2486.7322309305546,2304.587945706827,2482.782464085759,2619.1992871466714,2296.8178897353523,463526.1034,4993273.079,-93.46351912,45.09198263
27011900,2630.857423000189,2447.6800852471215,2632.119531177225,2772.6844048267135,2457.2538654618184,465291.521,4992369.64,-93.44102186,45.08393915
27013301,2433.2529674014527,2249.44164173101,2432.6061845215795,2561.359172559421,2250.367759616601,461073.933,4977962.432,-93.49349529,44.95403226
27013303,2433.2529674014527,2249.44164173101,2432.6061845215795,2561.359172559421,2250.367759616601,458150.0187,4974879.752,-93.53030694,44.92611691
27013304,2433.2529674014527,2249.44164173101,2432.6061845215795,2561.359172559421,2250.367759616601,456389.7931,4972800.373,-93.55243145,44.90729334
27013600,2697.722726197439,2507.545718655708,2692.9349053431115,2840.842817174741,2508.1455647078915,457807.3325,4971438.802,-93.53436204,44.89512235
27014100,2586.0552109073988,2398.4663772683343,2581.196861451087,2724.0687475876884,2402.811538591568,455672.4016,4978808.145,-93.56204583,44.96132857
27015700,2601.2675345546654,2413.227183193559,2600.3909287790093,2740.166574571221,2417.9447045385714,454890.1517,4983713.633,-93.57240302,45.0054361
27016000,2527.794723852276,2340.213133869352,2522.429977577014,2661.1329671732115,2338.2758579681963,456036.4519,4981877.481,-93.55769785,44.98897994
27017600,2409.7554206770324,2231.4202091854227,2410.6561346533504,2537.2816298327966,2234.6816366956796,448815.4909,4986499.159,-93.6497638,45.03009717
27018100,2456.31400273162,2277.759001389744,2460.126601678782,2587.019399314834,2280.1675547027894,446298.9464,4976966.187,-93.6806916,44.94410172
27018200,2513.313155183874,2333.736541247938,2517.0417632655103,2644.5727033018848,2335.471169729464,446751.4773,4975741.181,-93.67482673,44.93310899
27018600,2599.0204170955317,2431.7191889648125,2611.4721899519873,2740.024794747621,2442.6931154132085,441467.0802,4971497.597,-93.7413001,44.89449585
27018800,2507.1250257249553,2333.4956134004588,2513.3590810862543,2644.59949474891,2343.0566277506896,442915.8451,4987214.079,-93.72473262,45.03608164
27019101,2432.0392472341828,2256.612736404429,2437.2789604621075,2561.902444374492,2258.502539629898,445668.572,4990708.434,-93.69016518,45.06775142
27019102,2432.0392472341828,2256.612736404429,2437.2789604621075,2561.902444374492,2258.502539629898,447556.8013,4989703.924,-93.66607589,45.05885204
27019200,2461.9473596563994,2284.008389732613,2463.9910596110526,2594.9922244845625,2288.049028453613,441575.5256,4990431.648,-93.74212217,45.06493403
27068300,2568.996760746638,2385.9499907960035,2570.011705004634,2708.884991530625,2388.388150175982,480274.036,4971094.337,-93.24981637,44.89299835
27071100,2510.1851397701084,2327.4260229278525,2509.0028617523644,2644.6939440009037,2330.8071655797658,469335.8538,4979676.276,-93.38885959,44.96986448
27073400,2479.0171786507344,2293.056041276626,2473.8323269020525,2611.098881291466,2297.7091332464342,466418.1019,4979524.679,-93.42584925,44.96836787
29002500,2032.1769815996945,1896.39665554631,2037.2287440757443,2136.8760016486954,1875.89852696244,365394.731,5204181.422,-94.76980163,46.97747805
29004500,1962.6952559267816,1829.5821267949989,1967.1883056249944,2061.290762831943,1808.6454653915032,366550.0103,5205435.954,-94.75498859,46.98899574
29007500,1912.528105426131,1772.1873400244006,1926.17943421151,2009.677985232252,1755.4514815049097,366686.8893,5224841.821,-94.75892535,47.16356766
29009300,1984.3887612451929,1850.059177935223,1987.5399207782111,2085.4758787415067,1830.223770941475,358083.3179,5198956.483,-94.86424873,46.92895876
29010103,1865.8813073382864,1732.581904883922,1870.482550866536,1959.145273312919,1711.7154721673426,357213.3235,5210928.864,-94.8794421,47.03645118
29013000,1922.0178531048512,1788.503127409747,1932.3474335566852,2021.222888457159,1767.5816697933274,360455.1879,5224657.8,-94.84104627,47.16062098
29015700,1917.383895120104,1782.907251320561,1920.2515765710896,2022.4048167433132,1775.0172846076428,345319.7333,5185858.651,-95.02736886,46.80831366
29016100,1982.2529146632223,1836.8784284773728,1980.5091043867071,2083.582670732762,1821.169628175623,347737.15870000003,5194997.873,-94.99875189,46.89106421
29021700,1843.4331520928963,1709.9397553887948,1846.8585191024165,1931.3726991835256,1699.287574463842,348823.5182,5228178.639,-94.99560008,47.18971567
29024100,1962.6193353392148,1834.1768961823905,1973.8857580761248,2061.0338906198535,1818.396287337495,349713.6153,5245479.257,-94.98968176,47.34550283
29025000,2061.023353851649,1927.8776840351245,2061.142285991367,2170.3536133927378,1907.7755784125752,338695.4017,5203542.845,-95.12039383,46.96577351
29030900,1918.662609585764,1784.2583540346532,1936.208219991044,2023.1716904669272,1760.5309869883597,336301.737,5244849.983,-95.16688834,47.33662567
30000900,2504.376195681019,2330.0168004851207,2507.8029537974453,2640.9022023068483,2329.8553816109707,493232.0582,5028964.684,-93.08649634,45.41416939
30002200,2244.510677339187,2071.0946881027457,2236.997979843605,2355.1505396031216,2062.7851939464035,488125.7097,5046730.016,-93.15218693,45.5740091
30004300,2144.9041208179574,1972.9734450240665,2134.2376969253196,2248.8215529166173,1963.9808507902392,485448.7306,5044651.955,-93.1864344,45.55525364
30004400,2394.4198883913064,2212.3433142639296,2389.381577955331,2510.366482047471,2203.612943456841,481799.8202,5053622.779,-93.23351944,45.635913360000004
30007200,2444.649698740405,2263.562115978482,2437.7793167126333,2569.4350488165255,2253.8020845689057,473012.8948,5035701.332,-93.34527009,45.4743184
30008000,2492.792534301054,2314.808139839194,2497.2067485592484,2626.7186838989032,2316.51507795077,474179.1928,5039191.81,-93.33053257,45.50578033
30008300,2051.4212329259053,1890.59678414067,2048.2999448528753,2149.562551966553,1878.3719740995043,476291.0688,5044683.191,-93.303764760000007,45.55528306
30011400,2384.6531816188512,2214.562551663392,2384.668952824928,2509.4596056862533,2204.305711533229,462025.5171,5038711.519,-93.48607003,45.50090121
30013800,2299.926802373005,2130.1009026261486,2293.568087952719,2412.849219514657,2113.099635858454,463352.1049,5054196.138,-93.470252060000007,45.64034494
30014300,2343.573326221107,2175.3595687879306,2343.324987849993,2460.377041930792,2165.341243929873,464501.5541,5055854.436,-93.45562423,45.6553304
31019000,1929.795913113192,1806.2655551002065,1943.0684486542336,2030.0844607322576,1789.820638780997,476043.1676,5239325.143,-93.3169353,47.30696056
31019100,1929.795913113192,1806.2655551002065,1943.0684486542336,2030.0844607322576,1789.820638780997,475734.9307,5238414.911,-93.32096346,47.29875881
31037000,1999.6090233034736,1873.2032285819448,2012.3462732077865,2100.6006426052195,1857.8497001113456,459656.0002,5233546.116,-93.53319783,47.25415674
31037200,1972.4169296528617,1844.4681740159024,1986.0916553538837,2076.424464888728,1829.0623294949617,460063.4624,5232616.422,-93.52772982,47.2458163
31037300,1947.540551568039,1817.3725839765816,1960.2053787036389,2048.170344660241,1802.591083126738,458525.5407,5232579.362,-93.54804787,47.24538744
31055400,1914.3757054694847,1783.4127017120315,1929.449492158479,2016.1706059771077,1767.4844811938774,449140.6203,5222846.492,-93.67094822,47.15715254
31057600,1945.2252927433249,1808.902026514192,1961.2639428038144,2041.7827161815733,1796.2073733244038,450645.7713,5240809.853,-93.65307635,47.31889792
31082400,1938.5177498496732,1798.3911020182636,1955.1515810971568,2035.248443903522,1791.9570079804405,427002.9179,5270350.243,-93.97076898,47.58245646
31082600,1938.5177498496732,1798.3911020182636,1955.1515810971568,2035.248443903522,1791.9570079804405,424231.5259,5274125.994,-94.00827169,47.6161069
31092100,1984.918868329602,1851.301048802305,2003.16346424639,2087.817517906025,1845.75878364185,403240.0646,5272901.907,-94.28727567,47.60230072
31092800,2054.276354791668,1921.0127393335663,2064.309418561647,2157.568940749841,1919.764023641687,397044.2697,5260943.002,-94.36687962,47.49377194
31093400,1915.9533722231336,1783.3215794627058,1932.4557158218147,2013.582555654771,1791.6503787110437,394654.1683,5277474.805,-94.40256698,47.64209584
32002000,2400.497538971918,2200.223211978316,2386.495900519547,2505.800354337164,2214.6937318506966,330437.9296,4822561.825,-95.09863826,43.53674561
32004500,2457.741921426978,2267.933360553324,2452.525816357998,2566.9350703995915,2284.311415682081,322845.3594,4845812.801,-95.20016801,43.74418215
32005300,2505.4327632963355,2319.1433523414153,2503.955316647426,2614.4054719162914,2337.896951221484,322421.8307,4850450.315,-95.20695836,43.78580542
32005702,2434.535416298875,2240.904622928505,2434.1137503976356,2544.2853027510364,2257.1471741599175,318573.5347,4846494.339,-95.25341197,43.74928062
33000100,2163.783628667149,2009.4525341965305,2168.556065410242,2269.5813717256597,1996.94854985316,493455.6079,5109486.656,-93.08472989,46.1389247
33000900,2010.40757089311,1862.434664235612,2010.5735028358624,2110.117774123595,1849.12535549341,485891.8121,5095686.201,-93.18224823,46.01460362
33001500,2250.234694564482,2080.67126801105,2240.734870142802,2363.3158984657875,2071.010188169891,486364.1991,5082708.805,-93.17577632,45.89781181
33002800,2175.728033868928,2024.1498506210305,2176.3435048349806,2279.2247122144267,2007.181934153529,476827.2225,5091724.46,-93.29915023,45.97870035
33003200,2169.6896100295908,2015.783243352127,2171.4252862888084,2275.780605795477,1995.759414022784,471588.5988,5066096.801,-93.36526359,45.74784473
33003600,2158.5794912611477,2006.879631758482,2159.229528299438,2262.4787390581914,1991.7064438239345,475123.2219,5075249.995,-93.32029393,45.83036463
33004000,2184.737755537893,2030.3445547965468,2185.1664295163982,2293.9979350382023,2018.7014577549128,468170.6092,5084680.848,-93.41043261,45.9149593
34003200,2448.122211354902,2261.6044526077303,2452.4670662012445,2566.831456173835,2273.830534858442,359420.3805,4993686.854,-94.78623021,45.08267728
34006200,2259.6471123731226,2082.066606205796,2266.8478852719704,2369.994826632499,2089.599914089279,356269.3698,5014908.33,-94.8323628,45.27297489
34007600,2416.588200541704,2234.7462694313863,2429.005539063476,2535.5859830949535,2252.401510814534,353179.2346,4993604.079,-94.86546588,45.08066499
34011500,2312.907048476188,2136.695562979271,2323.5538757593263,2426.1844645820065,2147.830353203791,344790.422,5009877.457,-94.97704753,45.2252754
34011600,2320.631951508843,2136.375647048485,2325.0048089989823,2431.74808862658,2147.171380283144,343572.316,5010503.949,-94.99275129,45.2306418
34011700,2312.5821340456346,2139.7320966715765,2327.134322148217,2427.955719548291,2152.202272721267,343655.7922,5009573.065,-94.99139598,45.222286
34011900,2247.854273293753,2063.6275831911753,2250.765054847153,2354.2279866311965,2073.1779032871764,347375.7174,5008251.812,-94.94363692,45.21121565
34018600,2442.11329728242,2261.090448846595,2460.23799990888,2565.51389222631,2285.58000881138,340668.6108,5002489.357,-95.0271565,45.15789153
34019200,2333.339775814053,2151.051424773865,2340.311087090921,2443.3680150474684,2162.68869628248,340163.6761,5007526.113,-95.03519094,45.20308779
34019600,2448.148466268542,2268.8907613727947,2461.259291340262,2567.3476723825456,2284.2526588986784,340511.7303,5003815.869,-95.02957506,45.16978941
34020400,2271.4578957500685,2090.6594174593142,2275.362682671323,2375.9077557829064,2099.7598682137464,337838.7254,5011143.133,-95.06595379,45.23509427
34020600,2349.3820994919756,2164.1400023095475,2355.216242597656,2461.4259401312124,2176.807675237232,339783.6144,5019417.286,-95.04386259,45.30997204
34020800,2449.4971169549917,2263.7056865910413,2456.2544335729735,2569.911438082958,2282.499449661476,337301.6185,5019501.14,-95.07553196,45.3101555
34021700,2322.5421185631258,2140.126630167532,2327.0646369144383,2432.2619185402295,2149.6643119947444,338585.3168,5013040.328,-95.05706438,45.25233255
34022400,2251.981920137342,2070.042836339607,2256.0037418968973,2361.12725913323,2079.9930550009326,335557.2878,5022013.706,-95.09860396,45.33235054
34024500,2456.864569169721,2270.0192024551657,2468.8381666842865,2579.1726425306883,2288.2350729554223,333118.2222,5005479.628,-95.12415468,45.1830454
34024600,2422.3447851372503,2238.0561322704607,2432.7000553703547,2541.474267797341,2255.9481873187287,334980.1001,5004891.79,-95.10027732,45.17819566
34028300,2377.852416287402,2200.7903281381655,2389.358647181281,2496.668313333954,2216.847891649719,331527.1545,5001887.935,-95.14318,45.15035849
38026000,1580.3730593953435,1437.4987419189074,1575.9190286894411,1657.0441461875232,1432.1751228978233,637560.5355,5271908.94,-91.1704754,47.58599732
38039300,1690.7819997425988,1557.389471612529,1711.4908024305605,1776.2374675654094,1557.5815196680958,629792.7656,5275713.149,-91.27260888,47.62181227
38040600,1602.3243733483785,1475.9981824693937,1617.4804681867847,1679.5553972956304,1480.129990818507,628590.6963,5245011.233,-91.2975473,47.34591891
38053900,1503.035153822303,1380.69114961149,1530.482258558739,1589.0691977612626,1407.1194257593352,613954.9401,5254711.015,-91.48874836,47.43588253
38065600,1727.5793622210415,1603.115652111993,1753.5093375795363,1817.9674944960916,1617.73925564727,602947.4552,5263705.476,-91.63258487,47.51862281
38066400,1657.077799921628,1536.0425872501326,1685.5908375723052,1748.7673846897285,1550.6741272510958,602690.8698,5284619.213,-91.63109043,47.70678737
38068600,1882.716374074972,1756.4637723057667,1908.6693311830732,1981.1217472260048,1766.359603009339,609012.7341,5277133.822,-91.54871299,47.6384216
38074400,1529.6481177774706,1407.3427738961004,1538.957051759899,1608.9726460850443,1418.379668267562,594384.5494,5226696.487,-91.75415533,47.18698728
40000200,2514.990900038356,2319.4656512586607,2495.377310880802,2639.6867632462663,2327.034875919847,456956.1441,4897204.745,-93.53893673,44.2268002
40003100,2481.0268399055917,2276.6536622751,2462.29744778644,2600.4318322083127,2285.1019243217384,451494.0362,4897656.66,-93.60736407,44.23052552
40003300,2399.6153400937496,2197.355503388952,2380.6223791328175,2514.0572137450235,2205.1524605765285,448915.3369,4912955.992,-93.64114826,44.36808112
40005100,2394.369956073564,2192.18667954664,2377.1809256433253,2512.420875354516,2199.9941241782485,446861.8396,4897534.563,-93.66534971,44.22910325
40006300,2529.991351861141,2328.222880735639,2516.9407791745907,2651.081016961165,2338.1987597695133,442012.6682,4902673.112,-93.72663155,44.2749927
40009201,2353.4240190068635,2158.235498687987,2336.6158621942163,2465.9205396571515,2165.345559143773,439258.8941,4902672.794,-93.76113574,44.27476513
40009202,2563.7672172513116,2362.914121252416,2552.153584848056,2687.4255250746182,2374.35958659379,434161.9817,4902634.203,-93.82499304,44.27397434
40010400,2362.7004851115453,2175.5929808093465,2350.2571809532337,2476.43547000197,2181.4911661673295,434928.8365,4904298.126,-93.81559203,44.28902222
40011700,2516.1226077486253,2316.126411467372,2504.1358445829405,2637.5609353289465,2326.1358875881097,430413.1383,4900376.834,-93.87166288,44.25330449
40012400,2500.6305107166663,2298.5245442620685,2485.7958167518236,2620.7190852793333,2310.6935546995837,426829.2869,4906709.285,-93.9174363,44.30995729
41002101,2358.962265225736,2168.1724997570627,2366.24757092941,2466.1482415789974,2173.651171008763,253265.9569,4916765.493,-96.09634051,44.36218967
41003400,2279.095268184752,2096.118876245873,2289.7982910549754,2386.8846956919265,2096.8722735705696,247511.7916,4920178.964,-96.17009949,44.39089456
41004300,2213.383767437233,2023.9405126683753,2216.0429950469675,2304.178032630333,2022.6019579216352,241464.6749,4909381.575,-96.2405481,44.29171072
41008900,2261.1898032271743,2066.1003885952127,2263.773297292454,2353.277725549061,2067.598333338382,232570.0368,4922309.079,-96.35848456,44.4046815
43009800,2497.0301242816386,2308.1541478926583,2503.2462436118317,2618.746068700643,2324.7244675808975,385658.1651,4961639.42,-94.44570999,44.79900549
44001400,1904.676300958211,1770.6625972260863,1915.8163764245464,1999.293587636819,1754.388380930215,299802.1232,5234429.728,-95.64487904,47.23281372
45000100,1800.2406342981294,1677.7652958897638,1815.2430278903976,1880.4058218271855,1675.8814730387658,286472.812,5374824.545,-95.89010101,48.49023509
46002400,2616.3432440863276,2419.0385913435275,2595.1722598249276,2731.1815213517725,2437.3817622135152,381613.0899,4835394.751,-94.46830817,43.66212868
46002500,2565.469671705846,2366.6948833293854,2545.8688131301296,2678.2169832405207,2384.8997580818823,381488.8933,4834149.727,-94.46957465,43.65090232
46003000,2562.170629997627,2364.7859890626764,2539.2027383315035,2675.883520843605,2379.9678863586464,381702.7238,4832944.864,-94.46666,43.64009126
46003100,2555.00950310087,2360.2407204809147,2536.2077434639536,2667.3662283206627,2380.037737869659,381504.7219,4831004.322,-94.46868855,43.62259267
46003400,2605.424300867294,2411.784714574682,2586.2741704158757,2724.5985134283183,2426.925724777283,381093.7568,4829307.407,-94.47340754,43.60725297
46010900,2471.006327690786,2274.1956389779625,2454.003044002696,2579.456872138465,2292.2519078693663,363100.15870000003,4837403.671,-94.69833427,43.67702985
47002600,2369.0476325764885,2190.8802324764633,2374.64030051762,2490.5449964317154,2194.6585116522906,397866.2809,4995498.84,-94.29824835,45.10557959
47003200,2428.854432301018,2246.3883784226696,2438.287218365369,2552.3396017613923,2254.2047131449767,397975.2524,4993364.933,-94.29642887,45.0863913
47004600,2412.4449019526182,2229.2162767989535,2422.262344373855,2533.70700986162,2238.4273284688693,391692.6105,4991589.911,-94.37585655,45.06948349
47005000,2340.8784604410052,2156.0797006468383,2348.4310368546867,2457.917338515093,2163.920532381977,386200.9021,4990291.544,-94.44530294,45.05693791
47006400,2396.1449978435717,2213.949816030024,2405.6273717360164,2518.2629711123323,2222.543998603695,388068.5447,4985112.44,-94.42043671,45.01062832
47009500,2437.722520521469,2248.4265639860464,2436.634678410931,2557.151209448754,2255.6383434735635,386631.837,5014501.227,-94.44533141,45.27486529
47013800,2326.1551138928107,2148.618763022964,2339.994673038417,2445.3250354415304,2156.997067569193,376468.983,4993804.625,-94.56972368,45.08691932
47017700,2468.564028217256,2282.143487530143,2478.728855601649,2586.124899807225,2293.878538862441,368685.5883,4996004.87,-94.66916424,45.10531503
47018300,2525.274040235402,2334.14702947757,2531.0184079184046,2647.4155932845133,2354.796637340404,370021.685,4993414.21,-94.65151577,45.0822511
48000200,2099.2736408431724,1945.3133519593264,2108.6959427279417,2197.695317148977,1928.6687078637192,450184.7693,5121183.206,-93.6461671,46.24239952
48001200,2114.4771485781507,1968.474205936015,2118.857245217368,2214.2017333984872,1947.4244650693577,444369.8722,5106296.166,-93.71983774,46.10797461
48001400,1976.2231096826165,1834.866310655676,1979.17713593587,2070.1212023659104,1814.8822109606283,440235.6818,5110611.134,-93.77387181,46.14645701
49001600,2120.176237720248,1970.9338979507056,2128.1803121365588,2218.042926480307,1950.1432415798267,427286.0121,5109597.31,-93.94137711,46.13607563
49014000,2127.745170659537,1966.4626449272569,2135.5036751342486,2235.875482342087,1960.1636928055732,372932.1521,5074678.899,-94.63555172,45.81396629
51001800,2481.635984872652,2286.792464321418,2495.240264833436,2598.2487690740963,2310.392410582039,293475.8214,4883690.943,-95.57926687,44.07727971
51002100,2322.0968425013707,2135.6431351093806,2325.94500286674,2424.0510925863937,2146.840313474571,291105.347,4859036.975,-95.59914798,43.85486383
51002400,2442.1961420014995,2251.575457000049,2448.907333318015,2554.63676537591,2268.8205860856624,286296.2514,4869764.462,-95.66322224,43.94997014
51006300,2449.068475518901,2251.559439752734,2453.864511408479,2558.405609251098,2268.7415360170644,278703.832,4892734.895,-95.76734352,44.15429852
51008200,2330.436748163306,2140.1644811826654,2340.187005648967,2437.9963120408975,2143.7452994078253,264417.8409,4894357.579,-95.94649172,44.16442371
56038300,1969.1569021148696,1830.2995428667,1980.6833618811545,2079.5772828602817,1815.7330373244024,288040.9302,5150577.124,-95.76114355,46.47542385
58000700,1954.0923855846836,1810.6774682471548,1953.4523817190511,2044.684630147396,1803.885336106701,544630.3255,5100010.75,-92.42307818,46.05221508
58002400,1932.3678780323355,1783.8929800164262,1933.0817658697465,2022.207269230517,1772.864791324812,538305.577,5102157.433,-92.50466006,46.07191847
58002900,2151.8896822939,2000.197554619479,2149.6211032675274,2251.9548676053555,1990.5634011466716,543222.6926,5102524.139,-92.44104506,46.07492552
58004800,1974.329553667968,1829.7328514720164,1973.6851808991416,2067.3974756038915,1822.144384824188,531169.5162,5137166.212,-92.59462291,46.38735161
58005800,2056.571248518895,1903.566059457916,2056.262066476617,2153.0939891790667,1893.1696881559153,516257.8345,5129483.222,-92.78882226,46.31872983
58006200,1919.2184539204884,1777.4728135400453,1917.7174136000904,2005.4330966908665,1765.8934759519711,519178.3673,5139222.266,-92.75048825,46.40630182
58006700,1874.6782789607505,1728.7911030373311,1876.2103505593584,1959.4409801937832,1720.0750447073926,518683.0705,5136156.703,-92.75705448,46.37872672
58008100,1844.7010574472104,1703.2820271697854,1844.550945009947,1927.3151391464744,1693.5987774784232,517185.959,5140120.847,-92.77637634,46.41444233
58011900,2223.2338765393984,2060.5698758538447,2219.4924771278097,2335.535022437169,2049.828355574185,504340.4653,5077660.977,-92.94409341,45.85250013
58013000,2058.674616455933,1916.7802187740167,2059.6765467218256,2156.047238116198,1900.447154695788,499035.5942,5114971.194,-93.01249729,46.18831673
58013800,2051.3679509547874,1907.6151487991049,2055.1125932798464,2149.971985611581,1889.1363620761567,496338.0632,5117197.223,-93.04747059,46.20834188
60003200,1967.349479420947,1842.7239894781453,1986.334667143957,2069.098678334722,1832.4725173018896,299423.8349,5276728.811,-95.66903288,47.61289903
61000600,2187.2520955387427,2021.4612599134557,2197.9962235721273,2294.162072364773,2029.9071772867464,326348.9978,5037747.006,-95.22157518,45.47164521
61004100,2178.8440223868106,2006.2615960863027,2185.107909030491,2283.748438744549,2014.2722042815144,316412.2831,5035955.235,-95.34792497,45.45298838
61004300,2343.6926120230023,2172.9883547052855,2353.370382295385,2461.535464467735,2184.144967320768,317757.5669,5034810.398,-95.33031011,45.44304424
61007200,2310.328590086563,2139.345672865686,2321.156686399135,2426.070425550422,2147.6981407698954,315160.4219,5038506.573,-95.36488122,45.47560376
61018000,2277.4894369752305,2112.3494897163614,2289.9558365907674,2383.162726999653,2120.4654223084717,293305.369,5043718.178,-95.64641141,45.51633555
62000200,2489.253259337415,2310.596474626094,2492.106965865323,2627.844861815971,2308.293027409646,498754.0283,4995658.276,-93.01584031,45.11439312
62000600,2602.3816494636035,2423.8050945141053,2606.0041840691524,2744.2996201100755,2428.3278840904336,495486.0615,4985661.028,-93.05729668,45.02438645
62000700,2488.831180575176,2303.8114623492916,2486.561115530171,2623.685537447291,2304.70146710848,494430.8053,4985183.351,-93.07068604,45.02007895
62001200,2558.722547757357,2372.8186114165037,2565.3077178193557,2702.4990509967747,2385.767623467199,495060.6552,4982295.043,-93.06266343,44.99408333
62001600,2595.1677545824286,2410.2154927110096,2596.4211017163548,2735.470382201842,2413.0811945030173,499630.106,4979969.67,-93.00469099,44.97316752
62002400,2308.7954715896026,2135.7462696954076,2309.986261171978,2435.442630017558,2134.870670390614,496749.9185,4992090.752,-93.04129583,45.08227272
62003400,2636.4781522198286,2461.8326757315563,2648.598388614585,2787.787168511103,2464.271430542967,498599.2902,4990702.299,-93.01779367,45.06978021
62004600,2411.2901856987983,2233.9658094213414,2412.7340486648673,2545.5877652354607,2229.365633446259,492242.8232,4993756.966,-93.09858912,45.097236530000004
62004700,2270.9414367209715,2090.591207442292,2268.9073418342305,2389.636164788598,2086.3782199011084,488133.1684,4972324.317,-93.15031492,44.90424505
62005500,2571.776171963041,2384.7261882868374,2569.8416183891773,2709.936714013342,2386.36051672594,488925.9806,4980691.442,-93.14045608,44.97957862
62005600,2463.6531262111625,2283.3157717501767,2462.1757696341097,2598.5132105619814,2281.985534377049,490348.6549,4986864.481,-93.12253021,45.03516843
62005700,2426.072721193545,2244.9727432578266,2426.102971300949,2558.2071056613495,2243.2720385237963,487930.1432,4986932.059,-93.15323634,45.03573969
62006100,2384.418949335851,2208.376355244242,2386.714258954119,2517.5567998120773,2202.322356048469,489174.3725,4993988.452,-93.13759222,45.09927999
62007800,2526.686877459253,2343.8044203841623,2526.7302471578064,2664.918201909854,2343.6453370147715,486581.735,4987764.975,-93.17037762,45.0432132
62008300,2587.7224829304137,2404.6998671701026,2589.4477970045377,2728.732867027796,2404.3611443801506,482385.7753,4987894.364,-93.22365975,45.04428602
65001300,2480.7309012239484,2293.403765496091,2490.0297175122373,2599.137789895093,2310.4635454123613,373598.5006,4970558.902,-94.60035368,44.87723731
66001500,2511.748478483458,2307.875971962936,2490.0897019550625,2635.009796169052,2316.1997386990843,470440.0236,4911175.468,-93.37090492,44.3532484
66001800,2495.4720577861485,2295.182587814092,2472.780862346417,2614.502316499149,2302.8676811076107,472459.7578,4908332.502,-93.3454124,44.32773321
66002700,2410.1129582189396,2226.1585746578776,2390.452240626507,2531.774289340226,2236.055687704975,472757.3213,4918054.919,-93.34218967,44.41527303
66003900,2523.061028983868,2320.34320055299,2501.631965319506,2645.471286709815,2328.7577582681806,468431.2484,4913346.36,-93.39624123,44.37270771
66004400,2514.990900038356,2319.4656512586607,2495.377310880802,2639.6867632462663,2327.034875919847,459775.2682,4898291.313,-93.50372432,44.23674341
66004700,2529.6268696484926,2326.5401786698817,2512.999061145787,2651.5327313848943,2334.8117428767614,464438.385,4908886.66,-93.44605236,44.33237362
66005200,2479.760189595537,2279.188811483171,2461.1188517927326,2598.716090483559,2285.814101536148,465804.6552,4904676.735,-93.42863963,44.2945383
66005500,2491.0971413891784,2292.807493902606,2472.5007911915504,2612.1631135871735,2298.2800662295667,464843.6461,4913075.283,-93.44125213,44.37010222
66006200,2584.5945833300543,2396.056086161825,2567.410701271305,2719.9789292258492,2410.9396213152754,460101.5291,4922468.8,-93.5014911,44.45442205
69000400,1753.7740874756705,1630.7952659357516,1780.8339417238203,1848.7672036814376,1635.956177974335,590212.2492,5302852.881,-91.79360433,47.87267245
69004400,1661.0277322926584,1535.1267486027368,1681.2854115998605,1751.2075508529151,1554.4924967898762,585278.6068,5257057.132,-91.86850742,47.46137082
69005400,1689.7501862109295,1572.4575988555894,1715.9762611197452,1780.83567098185,1529.483142264242,584051.296,5293984.102,-91.8776987,47.79372745
69014300,1720.084129262205,1590.2604942149435,1739.510484789651,1815.255102192384,1610.1016743693058,579822.5965,5236829.54,-91.944523040000007,47.28008184
69025400,1677.9252377535445,1557.2410088704426,1704.12868960286,1767.7479615662037,1561.2857990863254,568794.6222,5292460.098,-92.08162612,47.78182787
69037100,1744.200729382162,1613.1086301468538,1743.807524476869,1819.152591478222,1622.2812097268452,562252.7743,5193688.56,-92.18277595,46.89381635
69048900,1754.692098887519,1620.9535880302074,1754.5547829272855,1831.518892564142,1630.5663074747838,552569.0639,5194141.779,-92.30983635,46.89873141
69074100,1785.7449780882416,1679.2970204410249,1816.6123837538564,1888.8036962624255,1682.9789681440836,525223.2732,5314557.952,-92.66197147,47.98382706
69074200,1812.0617132560503,1698.7222510093447,1841.1204490010784,1913.504808287409,1698.0221635744151,525535.0028,5321038.101,-92.65740795,48.04211663
69081000,1795.4760632290545,1678.585427433939,1824.2905993436389,1892.588264232687,1673.7547021083917,518967.3812,5337829.601,-92.74477467,48.19341724
69084100,1720.2391569750191,1606.4510413829703,1747.1699371172283,1812.809205114518,1605.496035616992,507013.0184,5323188.277,-92.90587332,48.06193421
69084800,1989.4611196229405,1849.4278408442003,1992.5218822725249,2079.9160630173246,1838.0710668346576,507254.1685,5181978.873,-92.90495196,46.79131824
69092500,1743.4982743122955,1634.2105786884042,1773.439682371884,1841.874635458561,1636.5239813830394,502128.6589,5275146.122,-92.97166614,47.62971333
70002200,2492.2017912774995,2314.867242385614,2487.091768567878,2629.639707442853,2317.821847536554,469003.5153,4948892.56,-93.39119485,44.69273556
70002900,2630.625696201114,2440.756135453761,2621.157586338565,2769.992274227422,2453.8121587573346,465648.1492,4941618.001,-93.43305276,44.62709558
70005000,2572.223091660525,2388.9908411020406,2567.82613058928,2709.215474939984,2392.312676281748,467196.8223,4942383.644,-93.41357905,44.63406046
70005200,2573.2109178352234,2389.4009897792976,2569.3347484137253,2710.672403839777,2397.29189125282,462264.6288,4942151.172,-93.47574454,44.6317256
70006900,2520.7979433651853,2333.320428071603,2513.7528335418583,2650.8406294025935,2336.355829193882,463511.23,4944353.954,-93.46018539,44.65161987
70007200,2428.632623734293,2244.224233251852,2420.0088183607163,2554.4121867205627,2243.1085674055216,464590.3616,4951202.657,-93.44705002,44.71332699
70007600,2694.5598708278803,2506.890730498216,2688.659353866159,2837.558866498862,2518.4180626053644,465950.0664,4955479.221,-93.4301694,44.75189093
70009100,2477.0477181953893,2288.775260757144,2462.649833879121,2603.5192221755233,2297.340092562525,458446.6306,4937560.236,-93.52350622,44.59018658
70009800,2561.2330993874016,2371.211826800332,2543.3741852515445,2692.722663196058,2383.0660264387175,455285.7389,4939342.274,-93.56348159,44.60603925
71001600,2453.26072536492,2276.103905945067,2452.537450198372,2580.625286599364,2270.987406287568,454934.5412,5033813.618,-93.57637997,45.45639434
71005500,2441.216007648381,2267.590074208392,2445.599224382746,2567.265620906757,2259.957810782526,451028.3816,5037227.586,-93.6266767,45.48685924
71008100,2249.805696545058,2081.564257631645,2248.9393401091725,2366.198311773251,2070.2800105214433,440642.8916,5021749.972,-93.75770089,45.34674693
71008200,2249.805696545058,2081.564257631645,2248.9393401091725,2366.198311773251,2070.2800105214433,440918.5712,5020853.573,-93.75407499,45.33870209
71014500,2459.759126775718,2284.427190016106,2463.467460687328,2588.9732119569717,2278.6252861242765,427975.6715,5039498.233,-93.92197723,45.50529582
71014700,2351.414470694938,2181.321231202075,2360.0733322475457,2474.515928348277,2176.7808253521916,427063.9777,5037878.424,-93.93340528,45.49062285
72004200,2464.5957867322627,2278.7084312624816,2460.485568381588,2583.978596449621,2289.7725995453116,404121.4397,4935805.295,-94.20748146,44.56920407
73003700,2308.657709994424,2130.24039699918,2316.7457783743216,2428.334814086081,2134.7217369206987,397751.0421,5028102.949,-94.30642358,45.3989737
73005500,2303.8120459871375,2122.0178760089893,2309.1560571116925,2420.9820675552473,2125.5109790922675,395420.6511,5032339.061,-94.33709021,45.43674928
73011800,2152.8635092048394,1982.6833203973872,2155.7314557882737,2262.054529071509,1976.8218929471973,384321.7904,5056749.218,-94.48472037,45.6546441
73015100,2328.6591392948176,2143.462338105498,2329.165714135533,2446.914714216979,2148.684125772003,379861.9824,5021715.424,-94.53335975,45.33865555
73018300,2263.151178433511,2090.421253917383,2271.91049816922,2380.8025255371163,2094.1155104239233,374294.2786,5066770.606,-94.61596905,45.74306413
73019900,2375.7229065884353,2204.012382704101,2384.262750242522,2500.031754954173,2210.9576864317505,371265.9455,5051139.097,-94.65074174,45.60186853
73020002,2265.0775626839677,2086.029593911132,2276.2312232691784,2375.103976036631,2093.831440787196,366081.3706,5021658.678,-94.70915611,45.33564878
73020800,2410.431120840796,2238.415048629834,2418.7790421360346,2530.726042448865,2243.0204947429856,365617.5324,5056363.265,-94.72457933,45.64780027
73023300,2263.601375218476,2090.6788579185963,2268.1891264138912,2377.9876777913537,2093.55151712042,367371.0706,5060719.997,-94.70327436,45.68733475
73023700,2311.251831557816,2132.0533277889363,2321.3500733619853,2429.5693047572277,2139.462004244088,358075.5021,5036781.418,-94.81563647,45.47013032
73024100,2286.3664401735437,2115.671918844301,2289.8568066884445,2401.8140422148435,2116.2882038374582,358911.5067,5054941.152,-94.81018573,45.63367505
73025500,2093.8247957262406,1934.5899309046697,2104.9439590595825,2200.7682108203317,1943.1950006416284,352524.5737,5068186.059,-94.89611036,45.75149744
74000100,2448.2769827177203,2254.897343223386,2426.7663623358017,2568.4575152303187,2266.220300579671,495161.3889,4881325.707,-93.06043774,44.08509235
74002300,2437.7604713249575,2238.1374950791414,2416.6414856043516,2546.6340903027954,2249.529842427268,471951.8764,4859878.704,-93.34920419,43.8914761
76003300,2333.363198252071,2138.288594057524,2334.985587025891,2438.044076950865,2152.078502405409,321388.7163,5021417.658,-95.27906889,45.32352518
76005700,2290.414205125876,2105.67550803476,2294.8160644226173,2393.125554094905,2115.924838864011,311548.879,5019145.604,-95.40365205,45.300518
76008600,2378.427694979588,2206.1755767080217,2391.780815734326,2486.7174824934273,2215.079173249838,298915.6092,5029546.378,-95.56885873,45.39054191
76016900,2290.334164170826,2117.8168846794424,2303.133812754139,2392.439958507763,2125.7369864044604,258159.5169,5032939.511,-96.09048564,45.40815196
77000700,2134.1006189418213,1970.4162751009544,2140.5717801486703,2242.9821199950165,1965.5059182944017,369664.2247,5077002.678,-94.67822504,45.83426304
77000900,2203.0930336753836,2044.393118016034,2212.2218354523525,2315.1815440073337,2044.0214088751677,363651.1458,5076821.345,-94.7555632,45.83146852
77001900,2237.1457400041772,2072.311209981558,2240.8000424740794,2349.5338547627825,2067.4721679930412,370335.5102,5070130.664,-94.66773886,45.77256328
77002300,2153.9208214554,1991.8184681223483,2158.3434819664712,2262.3456243982423,1988.131606139024,364105.101,5082770.501,-94.75140105,45.88507892
77004600,2189.0454114438344,2029.0763809971336,2194.264299817989,2296.4715156727257,2016.5567807732664,364295.4341,5104601.914,-94.75514644,46.08151529
77006100,2077.577371379211,1922.962584029253,2083.6155703277705,2180.461813005948,1918.159893704454,365446.4368,5111077.219,-94.74210171,46.13999476
77021500,2124.473132449872,1964.125464570021,2133.720866694908,2232.327494892066,1966.867503864973,335804.7553,5085466.099,-95.11682474,45.90315385
80003000,1917.383895120104,1782.907251320561,1920.2515765710896,2022.4048167433132,1775.0172846076428,344445.0274,5184769.275,-95.03845584,46.7983129
80003400,2108.5670638028423,1968.6570812819057,2106.8406052456357,2224.0310158139205,1954.2972154653248,340885.3217,5183617.465,-95.08467229,46.78711444
81000300,2500.608901382344,2301.685691788304,2481.2933464404437,2615.433042149685,2314.695442361463,466518.6766,4861188.131,-93.41692913,43.90303872
81005500,2455.0189018649085,2253.2216265844504,2437.4223924643893,2574.6430744037325,2262.2072510692046,450897.104,4892756.681,-93.61437937,44.18637269
82000100,2467.444164637743,2291.0642604733057,2470.1099451913196,2602.2583091391225,2291.9289667745647,517759.3326,4975105.897,-92.77494864,44.92916217
82005400,2341.2153787757834,2169.8683042109037,2335.2272034545854,2462.3212243915764,2160.0027676598907,510979.9687,5014818.419,-92.85998713,45.28678053
82011800,2463.2577240270048,2289.4201860043386,2462.494625636853,2599.5695281760327,2287.7223491064515,503151.7742,4986796.474,-92.95998653,45.03461496
82014000,2214.8068901428483,2053.8565086850144,2215.0592021358652,2334.660211412248,2043.5151956158832,502452.0114,5002855.874,-92.96879172,45.17918054
82015300,2227.731427087767,2066.3537266295293,2229.821066014304,2349.240027695347,2059.436341987429,504536.1865,4997779.697,-92.94231126,45.13347611
82015900,2279.7885085358084,2111.180020217653,2275.9346130031577,2399.553192961501,2104.774445612203,504004.2571,5013346.026,-92.94895088,45.27360122
82016300,2447.45588138925,2270.804102606916,2448.762174264939,2582.558029745289,2265.0316892152296,499873.7606,5011883.272,-93.00160902,45.26044563
82016800,2402.561688111384,2229.585225749662,2405.226404770384,2534.9504868380236,2230.399246246391,498433.5726,5012328.165,-93.01996672,45.2644486
83004300,2543.3960787818924,2349.3475414299855,2534.555272934707,2659.098676190941,2366.8379097985185,367799.0462,4870370.473,-94.6482113,43.97458451
86001100,2287.2294872577017,2114.4504259253586,2285.956770994595,2408.199739871746,2109.755479157112,441248.7811,4999981.788,-93.74739321,45.1508677
86003200,2551.314502485866,2373.572163857826,2555.3322113488784,2690.353703908504,2383.547429622702,438242.2662,4981056.407,-93.78330656,44.98026407
86005100,2443.393597017056,2266.540424873533,2441.445970676613,2570.551111672394,2263.4954992439375,432228.4967,5007507.297,-93.86315402,45.21779337
86006300,2469.4474708184284,2296.5870882406252,2477.4838164035104,2600.5544123417026,2298.0800501896374,437826.6272,5001839.143,-93.79115482,45.16729224
86008600,2549.9076136007056,2368.051870651238,2548.155679558244,2683.255721967125,2378.3997920615607,430378.3985,4987987.722,-93.88399628,45.0419241
86009000,2488.8443935645782,2312.798943614558,2490.051009105813,2622.940673725356,2313.4262217678506,429774.1546,5001449.496,-93.89355574,45.16302946
86010600,2457.609198925437,2275.5872047782186,2463.323371571079,2586.085789632403,2289.649627397035,421553.9449,4991319.828,-93.99654655,45.07099247
86010700,2338.83636499934,2166.307423439568,2337.3165917093306,2458.821335002493,2162.394283664607,428253.6801,4999328.292,-93.91259509,45.14378448
86011400,2355.843707215054,2181.9254011189055,2360.924396317146,2479.350998785976,2186.2844615611975,423537.2926,4991665.498,-93.97140729,45.07432074
86012000,2341.662986029159,2166.931904907715,2344.371362175971,2457.7409916658926,2169.098794381513,421757.783,5006583.341,-93.99634741,45.20839193
86018400,2514.4093327258593,2334.8907847778532,2515.3550682157293,2645.562249180182,2343.0593004498996,417040.1266,4989350.763,-94.05355322,45.05275558
86018800,2496.094801214884,2315.3520406967195,2504.989834778408,2623.8867769749904,2329.089724413456,418843.3074,4985726.651,-94.03007195,45.02034602
86019900,2459.226140986468,2279.197422482425,2463.674276017117,2589.3792722031167,2291.099615465172,415820.5497,4991539.516,-94.06940585,45.072311
86020800,2434.6716614080365,2261.9101225976165,2444.37009942649,2562.486088650357,2266.507536021143,415596.1099,5009133.617,-94.07523023,45.23063301
86021700,2418.7221546933683,2242.619879642172,2420.9826426754275,2542.965156103812,2244.626223674773,412825.3431,5004158.195,-94.1096497,45.18551695
86022300,2386.682729448356,2214.9686778762607,2389.355007576016,2512.193336853955,2208.494819659921,419446.5461,5017682.85,-94.02757477,45.30802778
86022700,2368.4359140920815,2191.1882465339895,2372.7357964299713,2487.240038390627,2192.779389294742,416475.8313,5013416.87,-94.0647454,45.26928713
86022900,2463.819272121256,2288.7780140371233,2469.8927837067004,2594.1722851194963,2293.155694498931,419483.8395,5013854.564,-94.02647737,45.27357741
86023000,2463.819272121256,2288.7780140371233,2469.8927837067004,2594.1722851194963,2293.155694498931,419456.5978,5012804.493,-94.02665421,45.26412359
86023300,2234.4120030651293,2065.55031460946,2237.787011669888,2348.5869553577168,2060.675869237846,418531.5413,5018734.562,-94.03941808,45.31738753
86025000,2557.0340930606108,2378.9970312780456,2571.620414993702,2692.316689081286,2395.3714040194054,411303.6736,4992031.741,-94.12686395,45.07618938
86027100,2179.0372838336707,2005.6092453290244,2177.9914335158737,2286.4040755237643,2005.67347390449,403149.945,5008791.761,-94.23368218,45.22595393
86028100,2320.7605219161505,2148.5092756558693,2321.303226604386,2439.637211729907,2141.1828676981872,406219.0131,5018936.764,-94.19651403,45.31766978
86028200,2374.898045691291,2205.556186141646,2380.004564398231,2496.696206545414,2197.5906782974635,401877.7758,5017725.164,-94.251649080000007,45.30617265
87001600,2564.8747840588453,2367.4106260630747,2571.4838392132747,2680.1946425883725,2380.1469502348327,303108.0041,4939148.777,-95.48002721,44.57875309
