ACCESS,GFDL,IPSL,MIROC5,MRI,DOWLKNUM,Period
0.062224739439889945,0.05963138187849956,0.06377037789429484,0.057328091271366434,0.06622602263678881,1006200,Current
0.2275262790681841,0.21020426000061967,0.24123646905872884,0.21729277230986185,0.258393236134531,1010400,Current
0.1329455619974728,0.1334047825467115,0.12848475095022827,0.13272870830201702,0.1270037453888934,1015700,Current
0.12500213696472415,0.12288104310104292,0.11986106888434687,0.12425353030976932,0.11917811897944626,1020400,Current
0.7850049578920458,0.7935367792841364,0.7537722886295388,0.8299784046076758,0.7591414698043556,2000300,Current
0.814284166987143,0.8384267199139374,0.8190157608472467,0.834465850726422,0.8335689564513589,2000400,Current
0.6315657011144848,0.6676191509885623,0.6497880541262249,0.6545881819119777,0.6645259116547283,2000500,Current
0.9176062649823308,0.9195178369596491,0.9253422350418621,0.9221930263656145,0.9256512715481904,2000600,Current
0.7332245684517069,0.7628515910198692,0.7530359755595776,0.7523392706011016,0.7603508486034009,2000700,Current
0.739301158449944,0.7763421251065427,0.7730987695149851,0.7635685075775945,0.767203922076855,2002600,Current
0.36402422006184626,0.3625890352586352,0.34808663999715833,0.45742714584228333,0.38187473268967836,2004200,Current
0.7547126310119804,0.778646358314325,0.7606479688153313,0.8141690240627789,0.7516590588726585,2005300,Current
0.984844099612577,0.9853944938721427,0.9856980848988869,0.9849411562766442,0.985521011442585,2008400,Current
0.3484838815340507,0.3357140384486517,0.3431547071235908,0.4046413356820673,0.33789158547899734,2009100,Current
0.14803722586563334,0.14541305117032813,0.14305112033706774,0.15062986673803228,0.14202555944603337,3028700,Current
0.10122201936684767,0.09915718984460513,0.10093698721260737,0.0901303091982166,0.09402435185981169,3035900,Current
0.12516026116781379,0.13040929335262383,0.12654387650466403,0.130189251079331,0.12763353123573318,3036000,Current
0.22806493941835815,0.22064344550119053,0.21781857319534723,0.20397882361851508,0.20694177040002595,3036300,Current
0.09148429425969552,0.0991187646001384,0.09618868382968433,0.09629036131575597,0.09238094192188157,3037700,Current
0.2370297072154578,0.2314359082644969,0.21978092865441898,0.23027402517771095,0.2249942195561462,3038100,Current
0.0868259208147677,0.08523877190567743,0.0824938939257827,0.08618384678862732,0.08299129107497297,3038600,Current
0.11066479379980418,0.11258179913246863,0.10708630320448696,0.11272938340816067,0.10914109131728851,3038700,Current
0.16056436521886394,0.1578801252995094,0.15625784747319932,0.1500046262734364,0.15101355048017812,3047500,Current
0.12406472115132555,0.12271577385661599,0.12074142943083614,0.12644945998194157,0.11986728084667965,3050000,Current
0.14982398591894844,0.1509871428686991,0.14528593098669185,0.157474807615624,0.14701866065950253,3050300,Current
0.1966239182186025,0.1907995363247961,0.18900363988400354,0.19921779839941697,0.18572775633479316,3057600,Current
0.12868737790029694,0.12859326166272295,0.1251489177678571,0.1318368963508368,0.12563803622249078,3058200,Current
0.07495311109766148,0.07416860143508289,0.07576637810523487,0.06884074179043034,0.07129125019504107,3058800,Current
0.06876841568011517,0.07003870402500652,0.06816719719106343,0.07156842497142893,0.06890934608514629,3059500,Current
0.11847948293849413,0.1211253632422607,0.11929547750375932,0.12669015818565355,0.11992277203080118,3060200,Current
0.05255107619738274,0.051600609782872106,0.05217313357854285,0.0510829610841076,0.05084677445577283,4000700,Current
0.10348191511388265,0.10331343591505816,0.0998943301336057,0.10464555915749894,0.09903247056768529,4001100,Current
0.0554891090993519,0.055084828146323796,0.056013792407842065,0.05611148388130003,0.05492028351387624,4001500,Current
0.12205812385626433,0.11990553294374279,0.11652588522691826,0.12092902550471907,0.11607770364892814,4003000,Current
0.054395491370348645,0.05508803131521657,0.05123099014459646,0.05293914912361503,0.051325191368743917,4003100,Current
0.06576253295845817,0.06620980667105254,0.06742352159414712,0.06833804700409069,0.06725927060857521,4003200,Current
0.11271193975379197,0.11128357969994411,0.10841217336976568,0.11219610322356156,0.10799555529634731,4003800,Current
0.1089559488827221,0.10752711419586541,0.10489907732467836,0.10981274731336857,0.10455926299268778,4004200,Current
0.1278421877741885,0.12457999648179643,0.11754013321154792,0.12030633302581455,0.1189929321819703,4006900,Current
0.10484911097246369,0.1041050802477119,0.1066517230023648,0.1061902661245304,0.10360072379311709,4007900,Current
0.19966638947236193,0.19634201331049464,0.18837159833277148,0.1911938917420097,0.189279667811836,4013500,Current
0.24266005755273146,0.23322431142391692,0.2263700623486862,0.2265892027236701,0.2233961830901787,4014100,Current
0.09144032311695417,0.09152762702433054,0.09529705593476544,0.08888709035095166,0.08765034066993305,4014200,Current
0.2126325387632791,0.21212870252753652,0.20084505309185016,0.1997215487568926,0.2079243424167137,4015900,Current
0.5154820480646936,0.5696201980395323,0.5712773950109385,0.5339473507662753,0.5682310538591783,5001300,Current
0.9573015856413218,0.9569022783201698,0.9592992648958562,0.958337745705407,0.9597387839693255,7004400,Current
0.9225764328470959,0.9227004044450062,0.9175656990235616,0.9239195896132761,0.9210604207445323,7005400,Current
0.8712721597754579,0.8710873935063929,0.8814586994764223,0.8811691762763681,0.8808146734329321,7007900,Current
0.30522714176600824,0.31715485799827403,0.29850352530619223,0.282415323312488,0.28085779712894615,9000800,Current
0.3098238631342343,0.3177149872051796,0.299547404014904,0.2731143893676491,0.27928690572577786,9003400,Current
0.3391557976079147,0.344459184412711,0.3294789655116297,0.3048256665052657,0.3092107260810152,9003500,Current
0.9837065162277295,0.9837570135644838,0.9846426687930451,0.984378049966812,0.9848599801227302,10000200,Current
0.9871941878111726,0.9877399677583012,0.98787560394488,0.9882721398593267,0.9882216296896406,10000500,Current
0.9847327097146467,0.9843355426812797,0.9852528343530368,0.9840824982308958,0.9850985697992718,10000600,Current
0.9409079453255498,0.9403796162361112,0.9454448662531516,0.9434859224532158,0.9458640134298997,10000700,Current
0.9634802424565514,0.9659355257639148,0.965762420203345,0.966870978014612,0.9621248793787371,10000900,Current
0.9605098635955204,0.9620521258884466,0.9646471684009961,0.966086531736387,0.9655473751217761,10001200,Current
0.9785990144264138,0.9779234086266233,0.9795736522413521,0.9780076187925079,0.9793744623509505,10001300,Current
0.9612413931742511,0.9612783290815512,0.9626654820460485,0.961135866771077,0.962091886236642,10001500,Current
0.9538508059679022,0.9544804292448723,0.9566243062025522,0.9554064227278811,0.9564892732562973,10001800,Current
0.9600764370078089,0.9618436746530711,0.9607681381548903,0.9620645007693559,0.9620993827655515,10001900,Current
0.6904462792680051,0.6952933469872405,0.7179571556044716,0.7135853533663806,0.7142657349190675,10002900,Current
0.8485559074204878,0.840501619334366,0.8368205772465661,0.8653661807007887,0.8388226438623274,10004100,Current
0.7750538613823852,0.7769399911781271,0.7874272133850215,0.7789138056299618,0.7830271428673471,10004200,Current
0.6717454948813049,0.6603593079645282,0.6677739546772568,0.6925902828597555,0.6858505374977508,10004300,Current
0.865264362626617,0.8689416164254048,0.8702544432850462,0.8714172226856384,0.876207356368411,10004400,Current
0.9350780224327041,0.9375249353380917,0.9384538584230881,0.9410495435131309,0.9419205962491187,10004401,Current
0.9348932997743791,0.9368357097250148,0.9407394734905268,0.9390140617231494,0.9418338541973479,10004402,Current
0.9629836634594379,0.963567139119206,0.9636462436049784,0.9633625440341492,0.9658123131797497,10004500,Current
0.9682200544212632,0.9678346838286167,0.9691230736473493,0.9689182159596277,0.9707868617437869,10004700,Current
0.8636141935334344,0.8597946722527917,0.8653324958428635,0.8582460396046498,0.8704785369697076,10004800,Current
0.8804752125516515,0.8841759697574655,0.8761502512094325,0.8868627720858218,0.884929412928026,10005200,Current
0.919021718844116,0.9198512942811001,0.9199925507820927,0.9252567218278941,0.9241291017971727,10005300,Current
0.937728401408298,0.9399072158573282,0.9421587839778542,0.9446063161880759,0.9445668357328046,10005600,Current
0.9759007748651101,0.974966358459735,0.9759455275382307,0.9764495880784155,0.9775916888396501,10005900,Current
0.9636305010566705,0.9632523276328855,0.9656453526883025,0.9642572414686702,0.9661870330958147,10008400,Current
0.9178776307682243,0.9180107556581134,0.9253563450301522,0.9239230267631585,0.9261831284203746,10008800,Current
0.712060873974392,0.7119812030790158,0.7296756658332884,0.7258964810720409,0.7333295888518566,10009500,Current
0.844291265353769,0.84512559504181906,0.8582304242781118,0.8560283000070872,0.858251823731832,10012100,Current
0.8789308475339853,0.87481078264692,0.8851432751426184,0.8721271425898053,0.881201220421908,10021700,Current
0.9746874241602046,0.9733129547804766,0.9755461051018848,0.9722835731612491,0.9747844462456252,10021800,Current
0.18099710363109417,0.18989711556351382,0.21837018250121104,0.19617501900849765,0.23363740305262093,11004300,Current
0.21506213762076498,0.21865779473998523,0.24491392161494824,0.22907735524653747,0.27359103068060736,11005900,Current
0.08303429070528966,0.0823836964716825,0.0824461618952293,0.08564224894366057,0.08385510718621618,11014700,Current
0.23510983463843615,0.23010760047931544,0.22969818596483643,0.2321800358855568,0.23081237073896513,11017400,Current
0.07751173788887927,0.08464558028497748,0.07729788156639747,0.07428195774274277,0.06834559944516605,11019000,Current
0.09054532829057915,0.08919710741155379,0.09078523339720132,0.09086698620562124,0.0922060516047655,11020300,Current
0.3011804335733448,0.31568337299097543,0.3576286039618892,0.30846289077674527,0.35919129453936405,11021800,Current
0.30041995965501295,0.3151772143543523,0.3573653621521996,0.3086310885383957,0.358942337609223,11022000,Current
0.2020007139636627,0.2144206576537046,0.24812513224004887,0.21024408432387895,0.250350042130812,11022100,Current
0.17239725817712992,0.17989501857656925,0.20797725043378168,0.16683120182085512,0.20710933126406667,11022200,Current
0.17343578507243856,0.17114735620855703,0.1674717070181103,0.17314317965736048,0.16575864922930242,11024200,Current
0.35247084149226215,0.366872571267484,0.3379719292323817,0.3447621032584593,0.3082190404962286,11041300,Current
0.23950485500118923,0.23711541509524386,0.22491736693757403,0.2226723592135701,0.2180013693118311,11041500,Current
0.19267262752139527,0.18072131000479183,0.18230374051496215,0.1824011627187977,0.17312940340675292,11050400,Current
0.7221931817910516,0.7683423532080602,0.7690919842096808,0.7696142012448431,0.7740613488119382,13001200,Current
0.646387989227177,0.6849332921043527,0.6835697109964171,0.7183560965067344,0.6850996716480172,13002700,Current
0.9290459672206998,0.9433973827106565,0.9432729561895341,0.9455655245189905,0.9454038300939163,13002800,Current
0.9176102123647937,0.9372736073011289,0.928460316218625,0.9352746609791923,0.9262841507847906,13003500,Current
0.8782519701434132,0.8977916360600656,0.8986397524963411,0.9004512822624324,0.8952493594489875,13004100,Current
0.7269261843775615,0.782871167849241,0.7725910337552326,0.7874324949190374,0.7770597572210048,13005300,Current
0.7155067980799902,0.7713958986014059,0.7582478320503021,0.789297425170645,0.7768333192533222,13005400,Current
0.5302266058519489,0.5473881728225203,0.5651069227472951,0.5899174768266916,0.585136328309626,13006800,Current
0.7079581789750056,0.7175431072322987,0.7146769229967614,0.7513464320685058,0.7617611651739116,13008300,Current
0.07085956228465534,0.06820166116385501,0.06893278007810874,0.06750448823693445,0.06623045183322797,14000400,Current
0.3514471440356236,0.33577497471581264,0.3174274731804672,0.33386771991934505,0.32932726898234715,15008100,Current
0.018441181471608305,0.015405656320144987,0.016158468497114737,0.02012482403947323,0.021796930893350396,16002600,Current
0.05682311082674034,0.05523454398320491,0.05467364663103535,0.0658698900943555,0.06874830879990186,16002700,Current
0.03910697986748278,0.0394816759348327,0.03828203511038023,0.04007444333576365,0.046044419277956765,16002900,Current
0.021154943402517782,0.018768584409301178,0.020943511328115907,0.030281930850261214,0.028718494339960203,16004100,Current
0.031745229290749195,0.03115856317343426,0.030916782178965797,0.03912941558363825,0.039032903384202,16007700,Current
0.04009757840591551,0.039524402064012074,0.038880982121956294,0.045891057636989904,0.04944237973360647,16014100,Current
0.1569183371992142,0.17583863151591625,0.16097795837097392,0.159744977026018,0.16342489913359,16014300,Current
0.1525953323025803,0.15549944178265715,0.14495589179328994,0.15086945975721966,0.1598901354627364,16014700,Current
0.060497295044106544,0.054134742326638056,0.05422780736560999,0.06257072445312871,0.06487026275766665,16035600,Current
0.23457927947851429,0.2286287992195897,0.22584604714254794,0.23268642518032565,0.22619207938065364,18003400,Current
0.17121203283485456,0.17493630953275427,0.1851815101087127,0.18264795452940727,0.1909608936895859,18003800,Current
0.2788826807116025,0.2758141492982456,0.2913608429910022,0.2900130469698771,0.2915900595553579,18004100,Current
0.21349635093998057,0.21247395573546055,0.22606517298184164,0.2260085777252222,0.22780747746454916,18004400,Current
0.21885222421410352,0.21726750293679054,0.23049603838904056,0.22818797048642955,0.2323508563925843,18005000,Current
0.6794031265294216,0.6900318953746089,0.6964663097346852,0.6721423242600671,0.7231140719129152,18009000,Current
0.2457193271668273,0.2640442132945722,0.2816458793540577,0.24735166027694827,0.28932381438083193,18009600,Current
0.34227561747088653,0.36175010598768087,0.3998305972717389,0.3561731386720627,0.4102163379606234,18013900,Current
0.2872145349214119,0.3024653915894011,0.3421221805035948,0.307188451685947,0.3686673698377828,18014000,Current
0.605461461632791,0.6354651996057739,0.6529382701844437,0.6007005958986232,0.6524464018541837,18014500,Current
0.13608460168132364,0.14152425657794532,0.17589087208187984,0.1382132892734768,0.1855144451731523,18018500,Current
0.20688470795048203,0.21743465288996985,0.26179851929067094,0.2009920619155303,0.263869345798126,18020300,Current
0.2283471841582278,0.21847257650930152,0.23733232905539034,0.22990989231289813,0.2389418480017933,18021200,Current
0.2711815893894635,0.28069506048021764,0.3116041742407317,0.29090053205704014,0.34677076988777383,18024200,Current
0.2591837469527479,0.2571724571550548,0.2819529099482686,0.26967170402292173,0.3127249539588163,18024300,Current
0.13608523517950247,0.1509483118786099,0.14096348962883626,0.13307231800990704,0.12567003737620866,18026100,Current
0.09992658501401754,0.11018599905919506,0.11246402026704447,0.1032135760441054,0.11894906996543013,18026600,Current
0.24342186570853178,0.2614453692691857,0.26660832549919455,0.24817666692694118,0.27582882350326743,18026900,Current
0.13958782100559713,0.15143420907277427,0.15331191187373786,0.1389304670406112,0.16102513613597141,18027100,Current
0.2958334094792045,0.2896211021909278,0.3080736022252955,0.3010891942593532,0.3191548303903154,18030500,Current
0.29306522131201274,0.2898161780969233,0.2922189640501174,0.2965254318521249,0.3021857570742404,18030800,Current
0.122291007193016,0.13467055112802448,0.13802315834253281,0.12740604024152333,0.1452553664385543,18031000,Current
0.20969576312840987,0.2268356410608609,0.23196734576043238,0.2161845227194889,0.24083846010841095,18031100,Current
0.2582926100718334,0.2763312012848698,0.28115205944155214,0.26015226046848905,0.29062266303911843,18031200,Current
0.21918113946873902,0.23661507639134932,0.24178252597927513,0.2253155292989112,0.2507554023299067,18031500,Current
0.48866502636574366,0.4758989857721955,0.497222990085036,0.4877088558176818,0.5095146653763313,18032000,Current
0.3321834131009804,0.3512611491385518,0.37887974443083894,0.3401782439927995,0.3953414082842176,18035200,Current
0.15330030928247015,0.1679768501241993,0.17253903055278877,0.16052777510575603,0.18045088083005015,18035400,Current
0.15650894838692114,0.17110666187843473,0.17536324247317042,0.1622385467742562,0.18340446026062057,18035500,Current
0.19377152192210564,0.21039831325984998,0.2155004949633828,0.2011355513095563,0.2241248657828529,18035600,Current
0.28696225618726307,0.28977347778598367,0.3017868160246201,0.2991113210120033,0.33384952237740406,18036100,Current
0.049882291920681755,0.05560079162234095,0.056834952580836914,0.05186494415928425,0.0605708706030684,18036600,Current
0.22532153831346494,0.22028563659616954,0.21617049657668452,0.22290498676253376,0.21439888089807366,18037200,Current
0.5163429832789715,0.5258091776152826,0.5688986637801161,0.5223300866077585,0.5725542490366471,18037300,Current
0.3824653988597423,0.3976965739884586,0.4545300293201094,0.3933269800756748,0.43515332421223124,18037400,Current
0.6946861576647698,0.7383924770918571,0.7691368596345236,0.7012615895241026,0.7632411411255919,18037500,Current
0.2448923497429796,0.24904293070978997,0.27814187007932745,0.25892437270881774,0.2896325143737856,18037700,Current
0.19512144317403993,0.21186087151788777,0.21706475064790046,0.2030126720918655,0.2255891503407708,18037800,Current
0.5038206044079981,0.5056775244163743,0.5242530782736978,0.49723925280686676,0.5108313484713152,18037900,Current
0.32416040741014657,0.3526537442964788,0.37656411515168126,0.34146782042202545,0.36871752078377884,18038800,Current
0.3162139272186948,0.3308125702697351,0.3735743603114089,0.3229910245160492,0.37497041088557004,18039800,Current
0.41272471183124837,0.4235976377506257,0.46642924251499723,0.4035304731710813,0.46595153780011705,18039900,Current
0.35830534047200796,0.3601987415065183,0.39375703254968203,0.36662779906072773,0.4057236117604757,18040300,Current
0.33529179534231235,0.3649117179725906,0.40939333902995345,0.3406958935312891,0.4209030783305821,18041200,Current
0.3656461225608593,0.38276073806148814,0.4017201681845568,0.3537117390498282,0.43669170465148377,18043900,Current
0.15891148404502106,0.15227621916979292,0.1471566555325226,0.1588666422397693,0.14682257699787576,18044000,Current
0.14088762918174308,0.13056203211602596,0.12650462286767156,0.1386193243098748,0.12043264388306273,18044003,Current
0.12228564360986661,0.11138516456257165,0.1063627384487747,0.12185435521790611,0.09833986871339466,18044004,Current
0.12228564360986661,0.11138516456257165,0.1063627384487747,0.12185435521790611,0.09833986871339466,18044006,Current
0.4843189013461747,0.5143581139394059,0.5323618312637739,0.48189290069833934,0.5517832235667219,18044100,Current
0.8550059876451391,0.8588791625800306,0.8683657345531126,0.8532784446896576,0.8622965236364512,19000300,Current
0.7505976253162921,0.7217811596772511,0.7314293044832465,0.7430664084657502,0.7224392489692856,19000400,Current
0.5658692445476848,0.5848593001290396,0.5600315643811347,0.5963365490076915,0.5361750054565284,19000600,Current
0.9286421829902497,0.9256929484932928,0.931708831560697,0.926945654439604,0.9311237074437736,19002100,Current
0.9425741565834318,0.9416828993714871,0.9461198784870907,0.9426252184177337,0.9458947647070868,19002500,Current
0.9795012640778451,0.9795605258478453,0.9809098324920847,0.9814394884919255,0.9814204312735044,19002600,Current
0.9575168205658019,0.9590164191187959,0.9566832908557238,0.9597913270081941,0.9574747101176656,19002700,Current
0.931605611891141,0.9332591286999072,0.9321005546048128,0.9382871757226526,0.9345268354166723,19003100,Current
0.9847713044767599,0.9844564183882776,0.9854459066740292,0.984913481584626,0.9856299965497641,19005700,Current
0.966841442034704,0.966299845877473,0.9690442472198312,0.9679315840219628,0.969305954983713,19005900,Current
0.9757076164053592,0.9773383603552985,0.9787640300659143,0.9792827971902206,0.9790460971941269,19006500,Current
0.9661723774171128,0.9649143504135516,0.9677875717280076,0.9657502350279922,0.96783586473674,19006700,Current
0.8989053256330355,0.9024166506880201,0.9079293546275611,0.9135312222127213,0.9114209995909732,19007200,Current
0.9446042341319575,0.9465450874950596,0.9508420107980767,0.9526221369033682,0.9521719120531578,19007500,Current
0.952333179403393,0.9524289052525313,0.9563722458967232,0.9560111210698362,0.9571166867939512,19007600,Current
0.9881262059460384,0.9888605780516349,0.9887167134144522,0.9891885126823514,0.9889967848485544,19044600,Current
0.3457112381456414,0.3297672435658838,0.3181745275561951,0.3426032761514776,0.3260256774694702,21004900,Current
0.2767270474165461,0.2558185264880531,0.24847743868578825,0.26933968663702407,0.25619888135946933,21005200,Current
0.5386810486357033,0.5168187627716039,0.5352871656976874,0.5478234129335168,0.5341147782530238,21005400,Current
0.3152072634258424,0.32304449585995326,0.3001901494187844,0.2846460799366313,0.2896558847532687,21005500,Current
0.27753215289937716,0.25566204768220857,0.25048620275809685,0.2682491740552774,0.2557650407361776,21005600,Current
0.2310414304410384,0.236280647734268,0.22404097059469855,0.2500515417396517,0.21763056759541904,21005700,Current
0.18351210136249013,0.17575487070286927,0.1686949838014458,0.1839306768234501,0.1668072842048892,21007600,Current
0.3194548608671984,0.2825103933881139,0.27833322587219855,0.30969738348545994,0.28475602770869146,21007900,Current
0.30156441887889507,0.2768800890523764,0.27038668003635713,0.2925268469776722,0.2733679925585824,21008000,Current
0.14877453998296658,0.14489051522918656,0.1365263574800818,0.15338495059120508,0.14055895294767595,21008300,Current
0.1450756612462917,0.14113608718739762,0.14259647472715736,0.14922527101487942,0.14224375603627218,21008500,Current
0.09325368375993714,0.07327049393607696,0.0658127505236561,0.0763975512107606,0.06457324677307219,21009000,Current
0.15859881805480025,0.14153959140294364,0.14174763816072708,0.1555994210550592,0.13892794412218218,21009200,Current
0.10825196174455042,0.09825574269356185,0.09501073565868609,0.10525714320792981,0.09766054092594639,21009300,Current
0.3674990875337161,0.34874182670980863,0.3376973761041693,0.3449101478465801,0.33558413676947485,21009400,Current
0.293879997477488,0.2819813411314418,0.27965500131633153,0.28840791081436495,0.2800290870220411,21009500,Current
0.12895493469968122,0.14300357661290536,0.14879859523640068,0.1354833484579625,0.13969220475815647,21010100,Current
0.23755773244960654,0.21328277134811666,0.20189599256727286,0.22296691203300928,0.21072339314706554,21010200,Current
0.47805530593141765,0.4512052878981697,0.44591119556397624,0.4715775087397592,0.4515984726042473,21010300,Current
0.14351077812889912,0.15833458424397603,0.16427304856131034,0.149021605105544,0.15422502575881572,21010500,Current
0.39454685516466675,0.41436976094345784,0.41641096137910216,0.4145217366590035,0.38320458202555946,21010600,Current
0.16892817347479486,0.15976700589587775,0.15511886533043784,0.17554364931537828,0.16222561734301755,21010800,Current
0.07878672088555527,0.07011595464221666,0.06375384840725228,0.07343852449665841,0.06665311597600578,21012000,Current
0.20713572187843174,0.2016761098910801,0.18795396180476828,0.21068080780355258,0.1996455522124776,21012300,Current
0.15405808493624876,0.15114455167532942,0.15251628120424715,0.15242556773623747,0.1429117681207512,21013600,Current
0.31898235058978036,0.2905209589937153,0.2995274925390072,0.29220879864277843,0.29720778618454813,21014000,Current
0.2955652070765501,0.3106102184919689,0.2946976957576709,0.30698508169402083,0.3321700802545078,21014400,Current
0.2644139270489066,0.2590264972747182,0.26202970252180585,0.2665385257763798,0.2747779521003291,21014500,Current
0.4132446071977206,0.4210700088557409,0.3906892803708523,0.3978510208253696,0.4034893498366088,21015000,Current
0.10024574378261893,0.08920823370856704,0.0821083806026176,0.09351524002285674,0.0854240853460928,21018000,Current
0.32090382859705396,0.33788302051770225,0.29983165019268854,0.29565952905384235,0.2978806422557441,21019700,Current
0.028112337999161303,0.024753801038458187,0.022744070222170322,0.02508982786508608,0.02342732568958689,21020400,Current
0.18987393956322254,0.1862106380640979,0.17610021934898437,0.18498924466713335,0.17708124903466332,21021200,Current
0.1631151200014622,0.1534169511418084,0.14595204932634231,0.14552198051979265,0.13933008079885206,21021300,Current
0.2705911945684385,0.26726514344336855,0.2470254244742539,0.25528859539283644,0.2472690611295017,21021600,Current
0.21895884370515098,0.21947807602196365,0.1958829677053737,0.19153277012220624,0.19407085965238244,21025700,Current
0.1811007706704111,0.1672352364741281,0.1449609420438308,0.16294742004609195,0.14736944620015524,21026400,Current
0.8710018380359067,0.8712242152399359,0.8827964113543978,0.8767712194880597,0.8817615353947176,22007400,Current
0.24281665586865284,0.23729662227566375,0.20893503349127213,0.21632552476372743,0.21252659216188508,26004000,Current
0.3453329705259727,0.3138712194868741,0.29378171885899873,0.2513626906306084,0.26454308730158205,26009500,Current
0.12191683823786723,0.11494190561248327,0.09373824711528535,0.08984988280368617,0.08955367071887867,26009700,Current
0.9068873780990778,0.9127352303704673,0.9064005943364888,0.9158528278957052,0.9087833675224687,27000100,Current
0.9717742447301817,0.9692356816247791,0.9721579544940138,0.9688553812950399,0.9715080992332541,27001400,Current
0.9953740057952438,0.9956042658650918,0.9956303182745134,0.995581178737384,0.9956041503238299,27001600,Current
0.9714783700468432,0.9707918929539204,0.9729597276988878,0.9713651850542405,0.9730144340169893,27001800,Current
0.9815879177825708,0.9801872958999538,0.982016081240061,0.9804265333747736,0.9817552024677159,27001900,Current
0.9021222266947897,0.891445708479473,0.8929062876046687,0.8940646752562976,0.8920997602591777,27002900,Current
0.993769787667674,0.9940750951852662,0.994294193843912,0.9941773859766936,0.9940439769420598,27003100,Current
0.9806338906091143,0.9807012602882579,0.9815633303436136,0.9812004591127065,0.9814592730063355,27003700,Current
0.9936393359263581,0.9935279313652529,0.9938690681619471,0.9936330256598834,0.9938394263702557,27003900,Current
0.9882316861657549,0.9876482716486485,0.9885675583339116,0.98773754165747,0.9885036207448916,27004000,Current
0.9758813948592264,0.9743801235927612,0.9765707046366173,0.9752463058031574,0.9764468511137324,27004200,Current
0.9781980106370046,0.9792253495249079,0.9805855712531634,0.980690904889461,0.9804387315616832,27004700,Current
0.9632918549257794,0.9643298720830905,0.9657324291117904,0.9662280655489115,0.9662161664454635,27006700,Current
0.9861936370163062,0.9856773496964557,0.9866906170481968,0.98581369867726365,0.9866657732847459,27007000,Current
0.9959229909626774,0.99583621782863,0.9961912490164951,0.9961836258951454,0.9961581697914563,27007100,Current
0.879678338348331,0.8737610467094867,0.8831764735637936,0.8816309765764548,0.8845306513072005,27007800,Current
0.9612254899416742,0.9605319714077382,0.9638449091150274,0.9626190827420913,0.9642995917940351,27008500,Current
0.9694002701933302,0.9687274825458777,0.9711911740174528,0.9696768156150462,0.9712438505292875,27009800,Current
0.9859187388683672,0.9857249252464091,0.9865977878580692,0.9862716032003622,0.9867577912998604,27010200,Current
0.97622985820446,0.976309924188243,0.9778536397119414,0.976786262946027,0.9777855742102045,27010400,Current
0.9841507688428213,0.9847489668395188,0.984756494205454,0.9847121935640896,0.9843585536397258,27010700,Current
0.9746375872794069,0.9759322096410564,0.9768939222637341,0.9762193478263961,0.9769328069342732,27011101,Current
0.8704243070694853,0.8740385483376532,0.8832850889837573,0.8794082201764216,0.8832573285858721,27011102,Current
0.9766899671124053,0.9785986018523104,0.9776606750235736,0.9785865764542201,0.9771108260863691,27011700,Current
0.9739594094068289,0.9741566246353489,0.9756452152700911,0.9743176300757935,0.9756508454818129,27011800,Current
0.9874541310458438,0.9873036381660315,0.9884002381962875,0.9884071331492799,0.9885959603952712,27013300,Current
0.979322053046253,0.98086381420040325,0.9812238516277763,0.9807264114779919,0.9805825286792746,27013301,Current
0.9789616867714415,0.9805504446212723,0.9809377475517344,0.9804741418887963,0.9802861765788099,27013303,Current
0.9895079734759976,0.9901423812008332,0.9902694754628784,0.989839507741208,0.9898422411869328,27013304,Current
0.9770521774391421,0.9802773625627736,0.9797282513064716,0.9796558818632523,0.9779013179632595,27013700,Current
0.874528782950608,0.8736363716881882,0.8850787506324888,0.8814687604514171,0.885146478755702,27014100,Current
0.9744621068462366,0.9728243431175946,0.9741035434332992,0.9736614051933117,0.9744340512102093,27014400,Current
0.9513549965405477,0.9506444982104366,0.9544884308201151,0.9515826714892864,0.9543573868804436,27016000,Current
0.8892266900673372,0.8915366539509387,0.898544336384587,0.895027719104097,0.8993662796750462,27017600,Current
0.9420887144351925,0.9448425634387391,0.9448534430974014,0.944944347026879,0.9484965211142741,27017900,Current
0.9214245595045125,0.9199158949810985,0.9241094270718636,0.921654016768692,0.9264100546349665,27018100,Current
0.9475287114129551,0.9458661957440151,0.9499375870944339,0.9438790449634363,0.9489985018370511,27018200,Current
0.8018559871248588,0.8036460627397916,0.8202558442545522,0.813677526199714,0.8211954526513099,27018400,Current
0.7049595794960312,0.7095927471115389,0.7230386236614799,0.7093218764085228,0.715787682199473,27018600,Current
0.773559143583814,0.775516035660468,0.7838942118330593,0.7751514105734344,0.7858064516125413,27019100,Current
0.8947244378178469,0.8959816609507577,0.8995807748290084,0.9003701075616874,0.902886585666801,27019101,Current
0.8659038316297376,0.8672865892664735,0.8719644689889039,0.8710927174718345,0.8753072385062649,27019102,Current
0.9175519158520318,0.919119871684029,0.9241417533138968,0.924745988553221,0.9270745368564254,27019200,Current
0.9646127234197883,0.9640554051057645,0.9666972478878925,0.9651039688190914,0.9666270257178128,27104501,Current
0.25263130970873776,0.24624393192158373,0.22765873532351288,0.23350997742946245,0.2314163115646509,29004800,Current
0.27823589170370805,0.2772277078850715,0.2608135220028581,0.25830585981535154,0.25538872079502467,29006100,Current
0.06065720707690129,0.059397697945092094,0.06379229134289824,0.05557191429765856,0.05813297854197395,29007700,Current
0.08372168801080397,0.08332316847938684,0.08976888584033357,0.08202555891916219,0.08318356473260848,29007800,Current
0.08841332775162031,0.08777018373065351,0.09439544398762352,0.08594444554171013,0.08739869054971611,29008500,Current
0.02486887011169444,0.02416270187874709,0.026315182712457075,0.02436882724912191,0.026209319621076574,29008600,Current
0.20341411735357648,0.21016118734488873,0.23830940521943667,0.19974031206584777,0.21294148037990757,29014200,Current
0.30701240738071234,0.31738820324174916,0.30189773237365325,0.28857451343886514,0.288004648062743,29014800,Current
0.06350734043848641,0.06678680236329479,0.06187741034930354,0.061177977371793334,0.0595866368935401,29015700,Current
0.1517627959897466,0.14814526729361957,0.1458383418944808,0.14663519473170125,0.1435087941576064,29016100,Current
0.1587166166549711,0.1585093935416075,0.14948895752235755,0.16176388950536655,0.15014445667915136,29020800,Current
0.15461310374365364,0.15196007765894867,0.14454044796741186,0.15098803660778967,0.14602596357960942,29021600,Current
0.4152889650073524,0.46525460754660924,0.48938942537771873,0.4804506213877859,0.4852292408655577,30002200,Current
0.21850509159226228,0.20667003200459264,0.21238785600667892,0.23542040928343952,0.2168377260097772,30004300,Current
0.8466629836644229,0.8578612615744395,0.8571427187516425,0.8494992653291763,0.8613874585475991,30007200,Current
0.7495629073139884,0.7916172323518144,0.7881174069293096,0.7765680813064282,0.783528047353926,30011400,Current
0.7420428407861531,0.7728370343955835,0.7728124895088291,0.7775290281978401,0.7928890756957542,30013500,Current
0.6373550003400594,0.6855146308079334,0.6871226341121792,0.670519169843181,0.7069260925060359,30013600,Current
0.1431282549889776,0.15170604941173668,0.14129528595846916,0.13660362211899327,0.13075586489678306,31002000,Current
0.14714770752859282,0.15039782804631083,0.14105395006904184,0.14772865854040473,0.1381238337174783,31019000,Current
0.13975938820500725,0.1429415606222783,0.13392443910489832,0.14005150960775348,0.13123442399601865,31019100,Current
0.30754867262327673,0.32286112962668867,0.3060799366676792,0.2920285779350724,0.2721921434731424,31021600,Current
0.12384038008710603,0.12407895063075272,0.11885826027757819,0.1243601682909733,0.11743342034524287,31022700,Current
0.160236287362896,0.15354753130434165,0.15867244620402907,0.15274187952324972,0.1621433035931249,31037000,Current
0.5313508678007303,0.5149885200894145,0.5068026104069034,0.49998777384172266,0.5018255665819829,31037200,Current
0.27627546950882526,0.2722454243965794,0.25891271699729773,0.2658763500124347,0.2528300672492484,31037300,Current
0.21459609908909702,0.23407891336078285,0.22628554416984753,0.20843469975548118,0.2059764215292094,31052400,Current
0.33421898236568776,0.32550849605415566,0.3232124837476103,0.2991748419525744,0.3017839719991423,31053200,Current
0.26021626996150715,0.2473450719789438,0.2635499615966957,0.2452431118292412,0.26395465080916497,31053300,Current
0.06792342039475083,0.07059632817031086,0.06569587343874927,0.07020791353032696,0.06589797517890932,31053800,Current
0.010752189632189373,0.01179142797079575,0.010941257297217946,0.009208594740936247,0.009472460381918683,31056100,Current
0.24595172188198183,0.2616861957280413,0.23781834272657737,0.23583670319190705,0.22447029357094478,31065300,Current
0.06007869290554528,0.0601866147846226,0.05693523855363919,0.05923354729057447,0.05694644576770062,31081300,Current
0.008924967258343165,0.008984943445117901,0.008591029057445194,0.008241803924353912,0.008367245556201204,31081700,Current
0.10538014053643886,0.10305718115352812,0.10036152124789259,0.1032097370518709,0.09999502936165036,31082400,Current
0.1144816237151936,0.11204511912194254,0.10938911029981123,0.11262927888807,0.10881319702518134,31082600,Current
0.05494461811942507,0.056922553935187414,0.05323297939683021,0.057267004773946216,0.05341625244398061,31083400,Current
0.05592276046855559,0.05578572742084769,0.055618352051915454,0.058108393745479624,0.05632882535688529,31085000,Current
0.05816880434057214,0.05806875009034238,0.05500545675191728,0.05640105664380713,0.054895076781601486,31085300,Current
0.01648946052119797,0.018274843636325207,0.016204516194587505,0.01492105880561324,0.014421881455806505,31087600,Current
0.13079002355782526,0.14384972370822025,0.1268406266705883,0.13180614422495568,0.12166371289532131,31088200,Current
0.010210710725428089,0.01009591733891373,0.010891935758078852,0.009985851178788684,0.01120220081504463,31092500,Current
0.552643578193661,0.5479277934681815,0.48191387476006237,0.5224646769207983,0.5097737334907498,32002000,Current
0.7915005161187623,0.791172485220745,0.8021068696510218,0.792022815323032,0.8033719999642109,32002200,Current
0.7279303138726378,0.7235745161556076,0.6860118165434993,0.7238791712073043,0.7284760050201916,32002400,Current
0.07645502641561995,0.05657611477888234,0.042832801374709475,0.07429101973688096,0.05314510143979128,32003300,Current
0.7172145192416681,0.7193739018083206,0.7154229577807011,0.7090176962016439,0.7271863131547318,32006900,Current
0.15059511088714184,0.1552655537937689,0.1605728162122985,0.14250606840730018,0.15999973254064775,33002800,Current
0.8805850122391822,0.8659369678114467,0.8696694195719462,0.8651029057240359,0.861995857896037,34004400,Current
0.40423915234169966,0.30736808843330193,0.3091857071657281,0.38658298154092524,0.31647340175779676,34006200,Current
0.9123035124923394,0.8899722768827747,0.876054683733051,0.8850836890071826,0.8852916116982316,34007900,Current
0.9456003678819561,0.9407653536935711,0.9260441365443471,0.9366428821488985,0.9325894853398604,34011600,Current
0.7639850493032273,0.7270428149262724,0.691408403732819,0.7524064860829432,0.6878710466519588,34011900,Current
0.9397121930349747,0.9278311172009367,0.916995224363416,0.9254779557684004,0.9215556875240871,34014200,Current
0.7704374054459556,0.7275322927083295,0.691705956279058,0.7337538264095904,0.6974604594502191,34015400,Current
0.9518735073950174,0.9507062066221029,0.9443508857978019,0.9433948535912929,0.9439394597451968,34017100,Current
0.9483228236282715,0.9412908904083683,0.9310938300013872,0.9385174612815679,0.9395082504677907,34020600,Current
0.8693336331183703,0.8505134862700224,0.8304801431661283,0.8416873689717096,0.8478172530852449,34021700,Current
0.6093246786970216,0.5895529250421767,0.54088881459554,0.5656926969276495,0.5321981035235985,34022400,Current
0.27923883795371207,0.2418312625301789,0.20919125520666235,0.2575265679297057,0.2044588960891202,34025100,Current
0.5846882357829355,0.5838378374607882,0.5824213095814766,0.49563130280655104,0.507359058128909,37004600,Current
0.12133103444520157,0.1343431175127056,0.13086876641085352,0.11814361417188084,0.116865196582362,38064500,Current
0.04950057360661172,0.05451597923566594,0.05215702770410659,0.0452463606358006,0.04607925820326817,38078400,Current
0.07795517061714982,0.08220478533608955,0.07972294776194204,0.06953847992636403,0.06771508440144697,38081100,Current
0.0833860103966775,0.09112140504792937,0.09321808429668543,0.08408579880298529,0.0807264088361548,38081700,Current
0.8853200865489792,0.886841993483241,0.8941765480659591,0.8936928715865863,0.8949698549811739,40000100,Current
0.9404547221321496,0.9397495912986616,0.9428967168508228,0.9420859940191602,0.9432493120032841,40000200,Current
0.958256369034857,0.9590855625887079,0.9589351690999076,0.9608554721989461,0.959052041140283,40003100,Current
0.9581980283594906,0.9572062991542472,0.9603364250562298,0.9577210766266333,0.9603495195783515,40005600,Current
0.9733494729109008,0.9741550249518945,0.9723640949851933,0.9750158694920834,0.9731614041353064,40005700,Current
0.9397801363510957,0.9401519704374132,0.9440587408325043,0.9439012379906626,0.9451240318762065,40006300,Current
0.7921646642558994,0.7565881441046509,0.7188467106681006,0.8051256418208103,0.7342748243920577,40009201,Current
0.9106144155908451,0.9095107516944682,0.9177962560676143,0.912854221876673,0.9174943148451667,40009202,Current
0.5796682853687946,0.550799704746169,0.5715692093994225,0.5830759978889009,0.5670369263906699,43011500,Current
0.13746313569797466,0.1376548169835774,0.12952751900742762,0.1385704928187945,0.13469877283523726,44001400,Current
0.16003689001691263,0.15802882754942857,0.15076281479413742,0.16136130914836583,0.15501957102282504,44008000,Current
0.812444603293795,0.805699623719058,0.8234669257412054,0.8137356231138495,0.8216660314531635,47001600,Current
0.8591828698038285,0.8523476980736064,0.8562182405792975,0.8567716236798689,0.859843634492543,47004600,Current
0.8907108922965323,0.8782503176994397,0.8821247059787457,0.8865566788329783,0.8844323658502082,47005000,Current
0.8482990265336922,0.8388939322203789,0.8471149857989669,0.8505014098405821,0.8439388155321004,47006400,Current
0.8516820534295086,0.8301718541118832,0.8339483228475897,0.8424299581948212,0.8373287081387221,47006800,Current
0.7695228937327484,0.7630433073653579,0.7772520826444298,0.7598698010687289,0.7626354283952984,47009500,Current
0.6320309176379904,0.5838613985970246,0.5892625738519607,0.639472207172623,0.5907515582124849,47009600,Current
0.9670987801998476,0.9625720944567163,0.9646112975879195,0.9645074318506734,0.9649362284773404,47011900,Current
0.34799875206124015,0.3476140320356243,0.34441897090379986,0.32909648484226434,0.3775621663764334,48000200,Current
0.0829544305290219,0.08433371384960582,0.08751177767116164,0.07860556084128156,0.09203764390792765,48000900,Current
0.07233252714611209,0.07121073466005289,0.07362538751589945,0.07253968321289563,0.07577685393554405,48001200,Current
0.023863543971814477,0.02386170855575355,0.023266222551057262,0.02296004084954483,0.02271787760813501,48001400,Current
0.33017947036568235,0.31107934399520437,0.32282602301461416,0.3382240468993156,0.3313771826715935,49007900,Current
0.2647439438498779,0.2596359838948243,0.28392726452283074,0.2840995326164535,0.2769519712039453,49012700,Current
0.3490659892777948,0.3347451067668455,0.36771543034530657,0.32544371834777047,0.3297390789899792,49013300,Current
0.4625371811698791,0.449620848220325,0.4805455898570064,0.46138888641511594,0.48518229042488265,49013700,Current
0.3179195145065853,0.29759111760773704,0.30261569728778415,0.3378132340942151,0.31637861109621884,49014000,Current
0.7303270120312308,0.7369546724238436,0.7179021021214776,0.7233369697534006,0.7359455419272898,51006300,Current
0.4777723906290875,0.43924126084559734,0.356975578748422,0.45641304152368134,0.43289729381384806,53000700,Current
0.8777544589284217,0.8913479174741291,0.8918334474044365,0.8926470379199037,0.8873152087667626,55000400,Current
0.2904152665446294,0.26669144726290284,0.25530838099395947,0.2541538659009859,0.24603157477132798,56003100,Current
0.16409973356990024,0.16347306634959424,0.1581638636219243,0.16351283841591632,0.15686776035678848,56013800,Current
0.06751300757898143,0.06552681832091464,0.06360807694902486,0.06222600878442293,0.06136434103190276,56014100,Current
0.2101909661670156,0.2177989054777396,0.23882531247188807,0.18541008765035277,0.19628183501441837,56021400,Current
0.20485603049146517,0.20102041924050787,0.19402275710020597,0.19981828029777784,0.19127387691603717,56023900,Current
0.11890061165823727,0.11672362276649716,0.1137879643486346,0.11940480080436781,0.11307774451976006,56024000,Current
0.15114894756440375,0.14914844694933324,0.1466852608313916,0.1538055662273284,0.14456404431176403,56024100,Current
0.21060823462059203,0.212145480737417,0.19823378550023213,0.20390008108337312,0.19902225796397194,56024200,Current
0.3849676514164895,0.38830649215267027,0.35716550726008617,0.3698729537721491,0.3728140663842815,56025300,Current
0.1474692560199866,0.144776481422182,0.13894845937039405,0.14389207157122585,0.13801843651087584,56029800,Current
0.25368149966518305,0.26338642877622337,0.2557050524499254,0.24725449040179812,0.24314902149313308,56030300,Current
0.10223124266895846,0.09871646542521495,0.09405889816350423,0.09120514210015036,0.0900163592264435,56031000,Current
0.17324095911951382,0.16876686322517648,0.16737379883426273,0.17387887306428335,0.1610173624440448,56032800,Current
0.18342306349568704,0.17726880114055718,0.175384602351155,0.1832917450900499,0.16810460332409902,56033500,Current
0.1361367038198635,0.1447534378115146,0.15443575657675462,0.13727518007654285,0.13559472300772216,56036000,Current
0.11648631670407691,0.1141262208588375,0.10869463685885299,0.11216457273778223,0.10844572947613461,56037800,Current
0.08888509120073869,0.08773810507834881,0.08540397807691803,0.0886195183217355,0.08577742048064638,56038300,Current
0.15260775097329424,0.15316107711520907,0.15470348490413469,0.15396749702122117,0.14582189780823246,56038500,Current
0.17864429116527383,0.17681133086532794,0.17681682178716307,0.17909209230334686,0.16897438139922671,56038601,Current
0.18885832532356103,0.1873898876894737,0.1875314849520988,0.18772917131373532,0.17606317248711245,56038602,Current
0.15773240513197445,0.15662987339648113,0.15758081870545754,0.1566454189429193,0.1489150784853932,56038603,Current
0.2538147005845919,0.24504794338109118,0.23977086176551193,0.24713049441675564,0.2453635309537654,56038700,Current
0.19716010360734879,0.1896043066507344,0.1809680670393219,0.1919085799274862,0.18205428558098055,56043700,Current
0.14388250554360935,0.1408475705672696,0.12353358934065836,0.12741529281383582,0.12256896448384322,56048100,Current
0.1915104895407208,0.19179862319828261,0.19074248992805012,0.18367034215321434,0.1813658267069955,56050100,Current
0.1804839753592127,0.17975589504468178,0.1781037744692601,0.1792997458892541,0.16929187162290668,56051700,Current
0.10547988294785962,0.10272120298554123,0.11216040046595262,0.08664002778128588,0.09096588872045787,56052200,Current
0.2224961225843033,0.24552276543737808,0.2516133540020197,0.2251672792801482,0.22186661334822597,56052300,Current
0.1518468960645362,0.1421460001326383,0.11742308452035996,0.11595176558739287,0.11600813836095947,56060400,Current
0.24207764999308687,0.23719128591018537,0.21561112620118894,0.20938391372088497,0.21010311636648732,56061300,Current
0.28588737338114956,0.3179544480975079,0.29803665478824687,0.2791198071003751,0.28590581390421155,56071100,Current
0.24804890589829356,0.25979341636153896,0.2631086349693781,0.2515130066627056,0.24966413637812324,56074900,Current
0.12693680114042832,0.12566483424725908,0.12153173934745677,0.12121155177000946,0.11942257336724078,56075900,Current
0.13731827340964958,0.1358400615870022,0.1328383355062525,0.12162918536997908,0.12524719964067343,56076100,Current
0.22760897521427045,0.22570744151863828,0.21972281145548506,0.21925965769155162,0.21424439234109274,56076800,Current
0.19455673969352602,0.19322719384371728,0.1877627904472379,0.1862351257106026,0.18343010179974212,56077000,Current
0.5436871050098271,0.5448245449260137,0.5133321400275114,0.49363355713997537,0.5104766937780298,56078100,Current
0.2646794195044664,0.2637223835130407,0.2425063745736469,0.2119661171212076,0.2201940921183884,56078200,Current
0.36274203024730883,0.39178465088967646,0.37358200999101676,0.3233702393098587,0.3422681535608468,56078300,Current
0.17164094044927997,0.1765767677138876,0.16731309378338582,0.1634524151493156,0.16075610979499477,56078400,Current
0.2267920203501949,0.22900663144173966,0.227118748397884,0.20920496303246128,0.21249233153767433,56078600,Current
0.2011216809606491,0.23688285111315815,0.20304339075726244,0.16017728955144925,0.17703994908352633,56082400,Current
0.23579883310694116,0.25056062766643145,0.24617482353095124,0.23123771809367005,0.22898279259177617,56087700,Current
0.11968293827386263,0.11776141757964292,0.11523852064326683,0.1193645774238719,0.11542197877843707,56091500,Current
0.44880756374149516,0.46277996219786544,0.40375848167768,0.35644536353980816,0.39660960003548446,56094500,Current
0.1610528526020459,0.16136570983091064,0.16067712732304812,0.15984277079816717,0.1520037919347768,56163600,Current
0.173964678718367,0.17907161254166723,0.18852292268828028,0.1558819088863743,0.1640033441624863,56164100,Current
0.35819286193702204,0.3561015778502402,0.3492169313873604,0.32037869048004586,0.32551430631281436,58006700,Current
0.43572460088109455,0.4401021120874104,0.41720840729871844,0.3848588474714416,0.3979779334806367,58008100,Current
0.3483377109566866,0.40121696072384266,0.4093222736182398,0.3644634712722895,0.4152140262727638,58011900,Current
0.17105502851251472,0.2002635652780963,0.2000591340244943,0.20435598484034023,0.2133907861312817,58014200,Current
0.10640671068257572,0.10666743932309865,0.10534891993673179,0.10431981307746774,0.10163132934648733,60021700,Current
0.47772144118598264,0.4281682239086055,0.3894307908029383,0.44207521474704836,0.41116830762564416,61004100,Current
0.3933292195305061,0.36059167057802965,0.3422381445844345,0.3845942181202647,0.3528137284078513,61006400,Current
0.7240666333339846,0.7394353409070288,0.6771911458871827,0.6767058345556912,0.6959523984429965,61007200,Current
0.2349898933135654,0.19966800678878754,0.19053910232690432,0.22188681103463495,0.1896077138961928,61007800,Current
0.27238105326160655,0.2356220247783519,0.20700165001030763,0.22412108325832333,0.20096919944969288,61011100,Current
0.579431842456133,0.5202188340041353,0.5113782111324583,0.5347620467359216,0.5154558068358189,61013000,Current
0.4632662717160484,0.4359765877721476,0.3995562110294852,0.46467720472440904,0.398336096311097,61014900,Current
0.2105624329147912,0.17369746665632743,0.17739185262761517,0.16429746154028105,0.1897818959788464,61018000,Current
0.9901545046367195,0.9904201416849672,0.9903109901260511,0.9899664948692349,0.9901824415106026,62000100,Current
0.9568575599724686,0.9587503055475067,0.9608712935785707,0.9595987272004479,0.9612197929162213,62000200,Current
0.9504111582116994,0.9473708988593205,0.952158254292249,0.9509908029548249,0.9524643198016483,62000600,Current
0.9745153004582828,0.9757925144167754,0.9767669688611941,0.9765538584479221,0.9770122227129457,62000700,Current
0.9869101702857677,0.9865960851880243,0.9877140932086513,0.9874239489863006,0.9878763973020185,62001200,Current
0.9890085966063678,0.9904926483260881,0.9903697974458051,0.9902700982480562,0.9899396810947686,62001300,Current
0.9892533580324029,0.9884361739345753,0.9893118258213438,0.9889780206426775,0.9893558360191999,62001600,Current
0.9472919816089583,0.9462204946361654,0.9358798194594027,0.953700517439282,0.9422522671902076,62002400,Current
0.9633072445598363,0.9698782690867995,0.9681732260709645,0.9687711982058311,0.9677181312604197,62004600,Current
0.9893193898415145,0.9895950199246542,0.9900134591918365,0.9899736234831049,0.9901555207547355,62005400,Current
0.9752893908172954,0.9767731966592441,0.9772225205669596,0.9768573076594652,0.9770577386233168,62005600,Current
0.9870103450115456,0.9879806469011888,0.9869901908225386,0.9874620364724648,0.9868923984281723,62005700,Current
0.9562203482860856,0.9649585372522748,0.9649308776240993,0.9648138897053865,0.962306488006964,62006100,Current
0.9472318610106909,0.949888546153848,0.9521873506190326,0.9517706500364812,0.9526305128035107,62006200,Current
0.971240085093514,0.973225309995999,0.9740102015010947,0.9730767674922459,0.9734850820129991,62006700,Current
0.9719733126281237,0.9773369941537692,0.9765090605899234,0.9769188007820057,0.9752656471993545,62007300,Current
0.9344333140729646,0.932433857011732,0.938749948214979,0.9345995223410161,0.9387758050552127,62007500,Current
0.9903314571411643,0.9902704005794428,0.9909146165514832,0.9905944467033552,0.9909713908878838,62007800,Current
0.9583373168354871,0.9646264489576306,0.9570177704673161,0.9676712175209057,0.9562671759539803,62008200,Current
0.9188161750034222,0.9174780424213086,0.9226592563593748,0.9176983436356603,0.9220715987075321,66000800,Current
0.7100113136391075,0.6837027387750215,0.591074080610951,0.7161830557355398,0.5639475772973556,66001000,Current
0.7480214834419298,0.7533848651297836,0.7393101669043183,0.7641796837319268,0.7521547782022867,66002700,Current
0.8706972763099368,0.8791191580750284,0.8801406020736844,0.8853085574661285,0.8815409277290556,66002900,Current
0.873640339967681,0.8751308451840533,0.8836053233332924,0.8803151137175786,0.8842081724473837,66003800,Current
0.9091511426524657,0.9103878200985328,0.9151747626867701,0.9134490119883533,0.9154016813486244,66003900,Current
0.7154885892773721,0.7182919368200874,0.7251334559357606,0.7370048573464376,0.7202675758751872,66004500,Current
0.9017681025764117,0.9027680836293832,0.9078206117914039,0.906055923886802,0.9090058250342106,66004700,Current
0.8729777942992557,0.874072834532056,0.8779928055526794,0.8796452692546275,0.8747899417663344,66005200,Current
0.890931135048034,0.8919909364347103,0.8958512786495183,0.8979776853235065,0.8954357141461368,66005500,Current
0.18470302749559897,0.18796925173846948,0.20105521826040382,0.2191603079229721,0.18770568675992036,69011800,Current
0.091221628093593,0.09969968227491091,0.10217211898893093,0.09244704104392219,0.08851025638932963,69012100,Current
0.04675708105462279,0.05239056416256719,0.05037621535071843,0.04458939804041626,0.04426079856272866,69017400,Current
0.08274126298396758,0.08686604493199968,0.09296547820984029,0.08289699008442543,0.07758628346040682,69022400,Current
0.0901267579765109,0.09889884034237184,0.09240164659015664,0.07799144553945972,0.08237722349540434,69037200,Current
0.17206456328348846,0.18530910582074347,0.1767035690935696,0.16118363181370346,0.16388819573955968,69037800,Current
0.07346646858100919,0.08257404338475624,0.08328963564043113,0.074661108952261,0.07298575115904683,69047000,Current
0.6176162646615905,0.6421551792282452,0.6235941872750725,0.5876072974164683,0.588296438076061,69049000,Current
0.06031465605240363,0.0667569131516103,0.06241060528415361,0.053448105260145186,0.05569264682239673,69049100,Current
0.019993665922034585,0.022126090626338506,0.02098025026100187,0.01660829185395164,0.017995344645523183,69051200,Current
0.05759231417677642,0.0676165248359109,0.0628141134502391,0.0595231270326082,0.05693863238783676,69061700,Current
0.08199492413844987,0.09570986585531742,0.08909184658900236,0.08482690926762623,0.08092074671555392,69084500,Current
0.22115511658956175,0.24651206082143576,0.23248262354251237,0.20977034472261538,0.2100691888306526,69091400,Current
0.3364897415028183,0.3541897466907574,0.3319966857793528,0.33596449718427585,0.3075952625183463,69130600,Current
0.96479480836677,0.9647639421184152,0.9671102016961926,0.9669185026782328,0.9673732149559918,70001700,Current
0.988218631058854,0.9884581747371846,0.9889056060412312,0.9889551550788338,0.9889533773517234,70002600,Current
0.8997762066107231,0.8989834224462581,0.9078471606641013,0.904907579942715,0.9089757104695935,70005000,Current
0.9476299843301597,0.9472187903862408,0.9449844589505081,0.9460337164680398,0.9470590092187712,70007200,Current
0.7231816473825231,0.705139443304173,0.7262475989223591,0.7387958996112913,0.7260471152819452,70007600,Current
0.9018759958172342,0.9016160703848662,0.9027536295395022,0.9050175602986691,0.901271462400717,70009500,Current
0.8519997619723916,0.8587709841561206,0.8662124789715198,0.85301132468373,0.8636029747403382,71005500,Current
0.8503163477015123,0.8569233469150134,0.8612144783271275,0.8410680241929744,0.8592851914123333,71006700,Current
0.8123824038630872,0.8012269511240345,0.8028059259938523,0.8227205964005085,0.8201314019341778,71008100,Current
0.899752694455442,0.8918264528251132,0.8926094789277422,0.9034219022841853,0.9020397012090675,71008200,Current
0.6643016835393115,0.6648400932514787,0.6773216525005837,0.6654082041434258,0.6757982030502176,71014700,Current
0.8126632214268991,0.8231687235756445,0.8297925439629117,0.8175093610762938,0.8354260297494495,73001400,Current
0.7754364963594198,0.779993381029934,0.7887428273987069,0.8000249252297476,0.8038550549586294,73001500,Current
0.8631904806148539,0.864047315475303,0.8622187580479785,0.8632005330292652,0.8539318637769125,73003500,Current
0.7712108092387047,0.7660353817390296,0.7702302122136775,0.765864202697917,0.7705073418550606,73005500,Current
0.7510692971981814,0.7471169415379085,0.7632366775778407,0.7354286777173605,0.7583517363776484,73007000,Current
0.7346082857459724,0.7186350221688624,0.7089509481148235,0.7079522094151276,0.7119988975109803,73007200,Current
0.7369861561274496,0.7171045619890898,0.7236094853618148,0.7381329536731672,0.7111495589133885,73008200,Current
0.256697732826957,0.23962110289349806,0.24927260875278653,0.24929078584366765,0.2322944059783428,73008300,Current
0.24835582838905276,0.23219412441332138,0.24175160851047398,0.24341251169729222,0.22576877921461147,73008600,Current
0.19497927465330347,0.18267244313853265,0.19135391425255502,0.19439088271349894,0.17846738859451503,73008700,Current
0.48278133828506253,0.4608728912403002,0.47123374603418394,0.4890132147748143,0.45578364375842495,73008800,Current
0.2537187096298339,0.23671462235568053,0.24632754873888216,0.24586548922234172,0.22929149404225083,73008900,Current
0.7362065686746108,0.7151676176297179,0.7422369385390954,0.7435581079729424,0.7353085970794698,73010600,Current
0.7931315200406986,0.7879260288503674,0.7981708263844818,0.7864625958088161,0.7903156717286641,73012300,Current
0.9252882456392465,0.9256187339259451,0.921621503600071,0.9170344317243905,0.9248497420811865,73012800,Current
0.5061352115955353,0.4843707569265199,0.49467606255803975,0.5138744287646072,0.47969287962738366,73013300,Current
0.595123693652593,0.5720036191854329,0.580972631872057,0.597488204546159,0.5655645626224933,73015600,Current
0.3852243265978233,0.36409442998220365,0.37453242738948656,0.3852264387043488,0.35760612951272386,73015700,Current
0.5621718365452056,0.5771946027367443,0.6037273494505061,0.5985852670109708,0.611381947381384,73018300,Current
0.7424899415209546,0.730820290214231,0.7228562178850506,0.7004717820904289,0.7088834885465377,73019600,Current
0.6682795687968367,0.6581086759882235,0.6476791881060762,0.6474135514561609,0.6573984614659122,73024900,Current
0.9646709768741619,0.9640614057883226,0.9661445494462316,0.9625199673715409,0.9654027536314124,73025100,Current
0.507530817465947,0.47830895008326313,0.489155255964741,0.4398847130780167,0.47811510825882436,75007500,Current
0.3546627065169261,0.33175624910772533,0.33881782452539366,0.36304945383758486,0.34306271407754757,77000700,Current
0.4186348902729299,0.4249946604274181,0.4251577964191774,0.4118730754169651,0.4263958887119752,77001900,Current
0.17604334721044773,0.17405787517714175,0.18261671003016633,0.18465919282582302,0.1819944793308208,77008400,Current
0.4128950734699228,0.42586246330553523,0.4600762727111684,0.39683099361239677,0.4212121990069464,77008900,Current
0.24787130503208926,0.2395460304833091,0.22280848423687769,0.2381922212606821,0.2683049460686577,77015000,Current
0.17423064767002802,0.15943975673732935,0.16131402801042896,0.16113833999709665,0.14872078071741018,77016300,Current
0.19194299195204592,0.18160514752199775,0.173626507391813,0.17218529970260257,0.16782490581161133,77016400,Current
0.35147560867997507,0.3468105299546387,0.3452217994474433,0.30673180764556596,0.31294049038251165,77018200,Current
0.5711976646540262,0.5747513500334175,0.5136316270050645,0.5350670659946674,0.5131433230866043,77019500,Current
0.34059731015240835,0.32594747243591043,0.33550428456780107,0.3293857915365639,0.33450420202675124,77020100,Current
0.26162035179313714,0.2240083545998712,0.23574350252904847,0.24530859640090402,0.24026929269065486,77021500,Current
0.0600406987976536,0.06311287737109735,0.05844958641553103,0.057631133428223826,0.05623466095454639,80003000,Current
0.040305894230597036,0.03918508705516072,0.04756652441692003,0.03786832752353091,0.04037819589967598,80003400,Current
0.9113166312315998,0.9169858979694753,0.9114124355125405,0.9229770297079016,0.9137632400579832,81005500,Current
0.941890406121599,0.9433689265868274,0.9463822607110257,0.943011023934117,0.9453453250673892,82000100,Current
0.8744724220284809,0.8838009923927342,0.8819063804127144,0.8913928415438974,0.8779679421016714,82002100,Current
0.861867430876942,0.8844094015722559,0.8781626766823439,0.8908019876800642,0.876037258145452,82003000,Current
0.907195904381516,0.9276730698746567,0.9280005930892361,0.9251193496222337,0.9255324987417138,82005200,Current
0.7501135381411905,0.8105032061644672,0.8084414221363448,0.8119229654992828,0.797716182083508,82005400,Current
0.8687614452557891,0.898602378342558,0.88650280219468,0.8965633065044499,0.8921782210419006,82005900,Current
0.9088646500605333,0.910772920937541,0.9162792945065721,0.9152575695638355,0.9166420077242119,82007400,Current
0.9598875399944587,0.9582965840860106,0.9619813030233115,0.9593696105380786,0.9618331122128275,82009000,Current
0.9898970867087007,0.9910811270527603,0.9900713596474425,0.9906877477453506,0.989967520433074,82009200,Current
0.9067095093038637,0.8990922405539922,0.909050105095478,0.8999888765747418,0.9058096346822274,82009400,Current
0.9687706877900643,0.9722872274910787,0.9722345334381495,0.9753663982848008,0.9703439004083636,82010100,Current
0.9702974308771615,0.9735518041581386,0.973405704075023,0.9762803232519323,0.9715936637167031,82010300,Current
0.9403379222495004,0.9479240487962817,0.9430054206972516,0.9555206620971902,0.9412611525288285,82010400,Current
0.9379895778235487,0.9533931187035248,0.9481663366799906,0.9570876632454054,0.9463993677709281,82010600,Current
0.9836269987941316,0.9844400920048217,0.9845330783162122,0.9846745800480782,0.9845595443780826,82011800,Current
0.9472877109402289,0.9580630468901848,0.954341203070459,0.9589525774672724,0.9542132633830255,82013000,Current
0.6196162009253086,0.6278078665125713,0.5614309237904062,0.7081997314695997,0.6074926539382662,82015300,Current
0.8109941400424013,0.8283065961430167,0.8258338942893945,0.8651680672732343,0.8314969945148608,82015900,Current
0.9715266350481842,0.974509042531909,0.974279907996443,0.9732234099245052,0.9742647191946838,82016300,Current
0.9752099782132441,0.9799767864741138,0.9768532323430229,0.9790305171307183,0.9761101922957697,82016700,Current
0.7272469926917698,0.7617186586456361,0.7475158701105534,0.7520915333381231,0.7538362679948182,82016800,Current
0.9152871730685103,0.9256127789467724,0.9179935834097476,0.9298807507415036,0.9169595549711587,82028700,Current
0.9854353206912688,0.986453453414878,0.9869367735563213,0.9852254499801605,0.9868052519114803,85001100,Current
0.9852720830842426,0.9879347781590753,0.9887222223694828,0.9894417378462587,0.9885281774500317,85001200,Current
0.826728752749828,0.8291512014180358,0.8213469339757388,0.8400382388842846,0.8384944918289324,86001100,Current
0.9041036984637928,0.9083375495475103,0.9120254438641062,0.9111533842444338,0.9166349069131914,86002300,Current
0.8225869846473811,0.8295381261023456,0.8360085986864765,0.8364015350480101,0.8432585177039169,86003100,Current
0.9423980475973559,0.9447087179729055,0.9471626396070821,0.945879515400931,0.9492305155580683,86005100,Current
0.9658044928428638,0.9695407637909412,0.9683171945429078,0.9667955082170653,0.9668992130924464,86005300,Current
0.9192772107501082,0.9277594209211222,0.9238195791495943,0.9290395437832822,0.9318718676635925,86006600,Current
0.8597517668875396,0.863249368232629,0.8669876477513451,0.8576501020998678,0.870707636296154,86008800,Current
0.9445222703432833,0.9437718080539954,0.9474548418125224,0.9421725067514417,0.947634101533265,86009000,Current
0.8542420768300549,0.8489135630347431,0.8596698392202787,0.8578557047436969,0.8587625095015495,86010600,Current
0.74764472614627,0.7443728174886758,0.7464724516647435,0.7659016942723795,0.7445556851004228,86010700,Current
0.5695598752275435,0.5645129675068629,0.5689497044545155,0.5824040548700278,0.5612491049489462,86010800,Current
0.9558659425303289,0.9556169103417549,0.9582037137895171,0.9562375902403185,0.9605586638920818,86011400,Current
0.8078362769929436,0.8058472644517302,0.8139532240955568,0.8138079032288513,0.8131657991473054,86012000,Current
0.9691330002705921,0.9715305131924727,0.9723737559018082,0.9735437210794671,0.9742313814951514,86012300,Current
0.6956391305499138,0.6396115199260378,0.6814508600994822,0.7207268488850878,0.6892475858246487,86013401,Current
0.5060405267892324,0.44102069384180076,0.4843858943623666,0.5247686954080301,0.4940582670458222,86013403,Current
0.8195039890151508,0.8248421221847411,0.8312461180122129,0.8252535368109619,0.8405002369733151,86014000,Current
0.8024781476424383,0.8132242981262673,0.8158330979544411,0.8302590168774194,0.8325349472722744,86015600,Current
0.8644745274867445,0.8603219678615827,0.8713276906414619,0.8512193159428108,0.8771231373711353,86016800,Current
0.8278745281567842,0.8293149809793168,0.8361321495620966,0.8348891074021001,0.8352427420644614,86018200,Current
0.7385912299541658,0.7188178465242538,0.7263098842315688,0.7184437095251597,0.7384281156781428,86018300,Current
0.8186284021065382,0.8191234786181992,0.8335384404611933,0.8233219038858484,0.8328348336942091,86018400,Current
0.8859231938327264,0.8854427989005695,0.8951309937619395,0.8918639791200094,0.8965685264312475,86018800,Current
0.9636780799304144,0.9630277163339752,0.9652841798095829,0.9631197551659395,0.9660429685839377,86019900,Current
0.9188094401040994,0.9205170571189921,0.924946527845963,0.9224389577656632,0.9279162410551256,86021700,Current
0.8884290123314722,0.8927293835313904,0.8958146298998049,0.8918468476119111,0.9015645738893724,86022100,Current
0.8846977659836016,0.8958042617878862,0.8972355188775715,0.8873661697291619,0.9003077112234178,86022300,Current
0.9094222554816294,0.9156789800031732,0.9178454505650725,0.9037409607806527,0.9201962134059124,86022700,Current
0.8729756602156331,0.8749677288217932,0.8821322225278144,0.8796735608726218,0.8852286700180959,86022900,Current
0.9035297972140561,0.9052302377810963,0.910644671936218,0.910264076583417,0.9136837932881764,86023000,Current
0.6177883506060892,0.596032820210046,0.6170692430417518,0.6436523749943694,0.6306366520560871,86023300,Current
0.741975756742416,0.7562634232701839,0.772713865907935,0.7756538039495791,0.7735014990561413,86024200,Current
0.32170859775014393,0.2877152241847045,0.2959159500012449,0.3516700024451772,0.30278128112224484,86024300,Current
0.9143449000299307,0.906422610619732,0.914760638082595,0.9155475534626892,0.9188062389206606,86025100,Current
0.6031618691264978,0.5707092656265186,0.588300377028856,0.5841837472350363,0.6020985028252582,86025200,Current
0.8251532730749875,0.832578681871759,0.8424244693613493,0.8373035006146016,0.8498394139208624,86027300,Current
0.7957829852331064,0.7581411364428876,0.7888566062173631,0.8012026457999758,0.7870294922521124,86027900,Current
0.7159647442030408,0.7100896307802971,0.7288418669588448,0.7255580985309839,0.7277691976097127,86028100,Current
0.809042600942822,0.7971896698004952,0.8035098647556695,0.8190950654342642,0.8232679216630753,86028400,Current
0.8990512092432703,0.8908513627811392,0.8991161860101096,0.9038487229825918,0.904104074847737,86028800,Current
0.7944434712953566,0.7570618702988141,0.7877173767000165,0.800189865042013,0.7866017530748132,86028900,Current
